StartDate,EndDate,Status,IPAddress,Progress,Duration (in seconds),Finished,RecordedDate,ResponseId,RecipientLastName,RecipientFirstName,RecipientEmail,ExternalReference,LocationLatitude,LocationLongitude,DistributionChannel,UserLanguage,Q17,Q1,Q2,Q2_4_TEXT,Q4,Q5,Q5_6_TEXT,Q6,Q7,Q8,Q14_1,Q14_2,Q14_3,Q10_1,Q10_2,Q10_3,Q10_4,Q10_5,Q12_1,Q12_2,Q12_3,Q12_4,Q12_5,Q13_1,Q13_2,Q13_3,Q11,Q19,Stimuli_DO
Start Date,End Date,Response Type,IP Address,Progress,Duration (in seconds),Finished,Recorded Date,Response ID,Recipient Last Name,Recipient First Name,Recipient Email,External Data Reference,Location Latitude,Location Longitude,Distribution Channel,User Language,Do you agree to participate in this study?,What age range are you in?,Gender: How do you identify? - Selected Choice,Gender: How do you identify? - Prefer to self-describe: - Text,"Are you of Hispanic, Latin, or of Spanish origin?",How would you describe yourself? (Choose all that apply). - Selected Choice,How would you describe yourself? (Choose all that apply). - Other: - Text,Highest level of education completed:,"On average, how many news articles do you read per day?:",I or someone I know has been diagnosed with a mental health condition:,"Indicate whether or not you have ever 
had this experience: - Communicating with a chat bot","Indicate whether or not you have ever 
had this experience: - Creating art with DALL-E","Indicate whether or not you have ever 
had this experience: - Driving a car with smart-assist features",Indicate the degree to which you agree or disagree with each of the following statements: - The article was interesting.,Indicate the degree to which you agree or disagree with each of the following statements: - The article kept my attention.,Indicate the degree to which you agree or disagree with each of the following statements: - I was the intended audience of this article.,Indicate the degree to which you agree or disagree with each of the following statements: - This article provides information that is useful.,Indicate the degree to which you agree or disagree with each of the following statements: - The availability of information about mental wellbeing is sufficient in today’s media climate.,Indicate the degree to which you agree or disagree with each of the following statements: - Mental health issues pose a significant risk to individuals.,Indicate the degree to which you agree or disagree with each of the following statements: - Mental health issues pose a significant risk to society.,Indicate the degree to which you agree or disagree with each of the following statements: - The article provides helpful information for improving mental health.,Indicate the degree to which you agree or disagree with each of the following statements: - The article downplayed the risks associated with mental health.,Indicate the degree to which you agree or disagree with each of the following statements: - The article highlighted risks associated with mental health.,"Indicate the degree to which you agree or disagree with each of the following statements: - After reading this article, I feel I can trust the Williamsburg Gazette’s coverage of mental health issues.",Indicate the degree to which you agree or disagree with each of the following statements: - I trusted the writer of this article.,Indicate the degree to which you agree or disagree with each of the following statements: - The information within the article seemed accurate.,Who wrote the Williamsburg Gazette article you read during this survey?,"Are you participating in this study for extra credit? Choosing ""yes"" will redirect you to a form to claim credit for you class, ""No"" will exit the survey:",Stimuli - Display Order
"{""ImportId"":""startDate"",""timeZone"":""America/Denver""}","{""ImportId"":""endDate"",""timeZone"":""America/Denver""}","{""ImportId"":""status""}","{""ImportId"":""ipAddress""}","{""ImportId"":""progress""}","{""ImportId"":""duration""}","{""ImportId"":""finished""}","{""ImportId"":""recordedDate"",""timeZone"":""America/Denver""}","{""ImportId"":""_recordId""}","{""ImportId"":""recipientLastName""}","{""ImportId"":""recipientFirstName""}","{""ImportId"":""recipientEmail""}","{""ImportId"":""externalDataReference""}","{""ImportId"":""locationLatitude""}","{""ImportId"":""locationLongitude""}","{""ImportId"":""distributionChannel""}","{""ImportId"":""userLanguage""}","{""ImportId"":""QID18""}","{""ImportId"":""QID1""}","{""ImportId"":""QID3""}","{""ImportId"":""QID3_4_TEXT""}","{""ImportId"":""QID4""}","{""ImportId"":""QID5""}","{""ImportId"":""QID5_6_TEXT""}","{""ImportId"":""QID6""}","{""ImportId"":""QID7""}","{""ImportId"":""QID8""}","{""ImportId"":""QID15_1""}","{""ImportId"":""QID15_2""}","{""ImportId"":""QID15_3""}","{""ImportId"":""QID11_1""}","{""ImportId"":""QID11_2""}","{""ImportId"":""QID11_3""}","{""ImportId"":""QID11_4""}","{""ImportId"":""QID11_5""}","{""ImportId"":""QID13_1""}","{""ImportId"":""QID13_2""}","{""ImportId"":""QID13_3""}","{""ImportId"":""QID13_4""}","{""ImportId"":""QID13_5""}","{""ImportId"":""QID14_1""}","{""ImportId"":""QID14_2""}","{""ImportId"":""QID14_3""}","{""ImportId"":""QID12""}","{""ImportId"":""QID20""}","{""ImportId"":""BL_4SWSJ8NqBJZaB6e_DO""}"
2022-11-10 09:30:22,2022-11-10 09:34:51,IP Address,108.85.184.144,100,268,True,2022-11-10 09:34:51,R_1hR23THQv3wRMNM,,,,,43.0812,-89.3845,anonymous,EN,"Yes, I agree",18-24,Woman,,No,White,,Bachelors or 4 yr equivalent,1-2,Yes,Yes,Yes,Not Sure,Somewhat Agree,Somewhat Agree,Strongly Agree,Somewhat Agree,Somewhat Disagree,Strongly Agree,Strongly Agree,Neither Agree nor Disagree,Neither Agree nor Disagree,Somewhat Disagree,Neither Agree nor Disagree,Neither Agree nor Disagree,Somewhat Agree,I do not remember,"No, LSC 560 and all other participants",Human-stimulus
2022-11-10 09:32:33,2022-11-10 09:36:05,IP Address,72.33.2.57,100,212,True,2022-11-10 09:36:06,R_1FJ8CkC8Z8CJOWL,,,,,43.0782,-89.4075,anonymous,EN,"Yes, I agree",18-24,Woman,,Yes,White,,High school or GED,1-2,Yes,Yes,Not Sure,Yes,Strongly Agree,Strongly Agree,Somewhat Agree,Somewhat Agree,Strongly Agree,Strongly Agree,Neither Agree nor Disagree,Somewhat Agree,Strongly Disagree,Somewhat Disagree,Somewhat Agree,Somewhat Agree,Strongly Agree,I do not remember,"Yes, for LSC100, J345, J658, or LSC 675",AI-stimulus
2022-11-10 09:52:49,2022-11-10 09:55:05,IP Address,72.33.2.59,100,136,True,2022-11-10 09:55:06,R_2E1bVKpf3jM5ZA1,,,,,43.0782,-89.4075,anonymous,EN,"Yes, I agree",18-24,Non-binary / third gender,,No,White,,High school or GED,3+,Yes,Yes,No,No,Somewhat Agree,Somewhat Agree,Strongly Agree,Strongly Agree,Neither Agree nor Disagree,Strongly Agree,Neither Agree nor Disagree,Neither Agree nor Disagree,Neither Agree nor Disagree,Neither Agree nor Disagree,Somewhat Agree,Somewhat Agree,Somewhat Agree,I do not remember,"Yes, for LSC100, J345, J658, or LSC 675",Human-stimulus
2022-11-10 09:51:57,2022-11-10 09:55:06,IP Address,72.33.2.115,100,188,True,2022-11-10 09:55:06,R_R7U65HB2EsraFRD,,,,,43.0782,-89.4075,anonymous,EN,"Yes, I agree",18-24,Woman,,No,White,,High school or GED,1-2,Yes,Yes,No,Yes,Somewhat Disagree,Strongly Disagree,Somewhat Agree,Neither Agree nor Disagree,Somewhat Disagree,Strongly Agree,Strongly Agree,Strongly Disagree,Somewhat Agree,Neither Agree nor Disagree,Somewhat Disagree,Somewhat Disagree,Somewhat Disagree,I do not remember,"Yes, for LSC100, J345, J658, or LSC 675",AI-stimulus
2022-11-10 11:15:33,2022-11-10 11:18:53,IP Address,72.133.161.66,100,199,True,2022-11-10 11:18:53,R_8wtSGkbWmwe6sVj,,,,,42.5313,-87.8853,anonymous,EN,"Yes, I agree",18-24,Woman,,No,White,,High school or GED,0,Yes,Yes,Yes,No,Neither Agree nor Disagree,Neither Agree nor Disagree,Somewhat Agree,Somewhat Agree,Somewhat Agree,Strongly Agree,Strongly Agree,Somewhat Agree,Neither Agree nor Disagree,Neither Agree nor Disagree,Neither Agree nor Disagree,Neither Agree nor Disagree,Somewhat Agree,I do not remember,"No, LSC 560 and all other participants",AI-stimulus
2022-11-10 11:19:03,2022-11-10 11:22:32,IP Address,98.161.146.123,100,208,True,2022-11-10 11:22:32,R_2xGdZhIwOYcKqLG,,,,,33.438,-111.7118,anonymous,EN,"Yes, I agree",18-24,Woman,,Yes,"Asian,White",,Bachelors or 4 yr equivalent,1-2,Yes,Yes,Not Sure,Yes,Somewhat Agree,Somewhat Agree,Strongly Agree,Strongly Agree,Somewhat Agree,Strongly Agree,Neither Agree nor Disagree,Somewhat Agree,Neither Agree nor Disagree,Neither Agree nor Disagree,Somewhat Agree,Neither Agree nor Disagree,Neither Agree nor Disagree,"Blake Miller, a journalist from the Williamsburg Gazette","No, LSC 560 and all other participants",Human-stimulus
2022-11-10 11:24:30,2022-11-10 11:29:50,IP Address,104.55.43.155,100,320,True,2022-11-10 11:29:50,R_3shb1zUw6rt0Vhg,,,,,34.8308,-82.3507,anonymous,EN,"Yes, I agree",18-24,Man,,No,Asian,,Bachelors or 4 yr equivalent,1-2,Yes,Yes,Yes,No,Somewhat Disagree,Somewhat Disagree,Neither Agree nor Disagree,Neither Agree nor Disagree,Neither Agree nor Disagree,Strongly Agree,Strongly Agree,Somewhat Agree,Neither Agree nor Disagree,Neither Agree nor Disagree,Strongly Disagree,Strongly Disagree,Neither Agree nor Disagree,"Heliograf, the Williamsburg Gazette's AI journalist","No, LSC 560 and all other participants",AI-stimulus
2022-11-10 11:27:28,2022-11-10 11:32:09,IP Address,68.185.162.131,100,280,True,2022-11-10 11:32:09,R_1Naf1eI78whP9ae,,,,,43.0684,-89.4293,anonymous,EN,"Yes, I agree",18-24,Woman,,No,White,,High school or GED,1-2,Yes,Not Sure,No,Yes,Strongly Agree,Somewhat Agree,Somewhat Disagree,Somewhat Agree,Strongly Disagree,Strongly Agree,Strongly Agree,Somewhat Agree,Neither Agree nor Disagree,Somewhat Disagree,Somewhat Disagree,Somewhat Agree,Somewhat Agree,"Blake Miller, a journalist from the Williamsburg Gazette","Yes, for LSC100, J345, J658, or LSC 675",AI-stimulus
2022-11-10 11:47:17,2022-11-10 11:52:26,IP Address,128.164.102.196,100,308,True,2022-11-10 11:52:26,R_1FLIIR9eR0WQYfv,,,,,38.9567,-77.2278,anonymous,EN,"Yes, I agree",25-34,Man,,No,White,,Masters,1-2,Yes,Yes,Yes,Not Sure,Somewhat Agree,Strongly Agree,Neither Agree nor Disagree,Somewhat Agree,Somewhat Disagree,Strongly Agree,Strongly Agree,Somewhat Agree,Strongly Agree,Somewhat Disagree,Strongly Disagree,Strongly Disagree,Somewhat Disagree,"Blake Miller, a journalist from the Williamsburg Gazette","No, LSC 560 and all other participants",Human-stimulus
2022-11-10 11:51:11,2022-11-10 11:56:30,IP Address,72.33.2.121,100,319,True,2022-11-10 11:56:31,R_3qyUMMGlV2JT8dI,,,,,43.0812,-89.3845,anonymous,EN,"Yes, I agree",25-34,Man,,No,White,,Bachelors or 4 yr equivalent,1-2,Yes,Yes,No,No,Somewhat Agree,Somewhat Disagree,Neither Agree nor Disagree,Strongly Agree,Neither Agree nor Disagree,Strongly Agree,Strongly Agree,Somewhat Agree,Somewhat Disagree,Somewhat Agree,Neither Agree nor Disagree,Somewhat Agree,Somewhat Agree,"Blake Miller, a journalist from the Williamsburg Gazette","Yes, for LSC100, J345, J658, or LSC 675",Human-stimulus
2022-11-10 11:58:56,2022-11-10 12:07:33,IP Address,72.33.2.91,100,516,True,2022-11-10 12:07:33,R_yTJ3kSBLNR9c3xD,,,,,43.0812,-89.3845,anonymous,EN,"Yes, I agree",25-34,Woman,,No,White,,Bachelors or 4 yr equivalent,0,No,Yes,No,Yes,Somewhat Agree,Somewhat Agree,Somewhat Agree,Somewhat Disagree,Strongly Agree,Strongly Agree,Somewhat Agree,Somewhat Disagree,Somewhat Disagree,Strongly Disagree,Strongly Disagree,Strongly Disagree,Somewhat Disagree,"Heliograf, the Williamsburg Gazette's AI journalist","Yes, for LSC100, J345, J658, or LSC 675",AI-stimulus
2022-11-10 12:08:23,2022-11-10 12:12:55,IP Address,173.229.9.166,100,271,True,2022-11-10 12:12:55,R_264IR7cZJlOCESt,,,,,43.0725,-89.4491,anonymous,EN,"Yes, I agree",25-34,Man,,No,White,,Bachelors or 4 yr equivalent,0,No,Yes,No,No,Somewhat Agree,Somewhat Agree,Neither Agree nor Disagree,Strongly Agree,Somewhat Agree,Somewhat Agree,Somewhat Disagree,Somewhat Agree,Strongly Disagree,Neither Agree nor Disagree,Somewhat Agree,Somewhat Agree,Somewhat Agree,"Blake Miller, a journalist from the Williamsburg Gazette","No, LSC 560 and all other participants",Human-stimulus
2022-11-10 12:46:19,2022-11-10 12:53:23,IP Address,24.148.7.142,100,423,True,2022-11-10 12:53:24,R_1ezMmEaQAm22vuH,,,,,41.9555,-87.6613,anonymous,EN,"Yes, I agree",25-34,Man,,No,White,,Bachelors or 4 yr equivalent,3+,Yes,Yes,No,Yes,Somewhat Agree,Somewhat Agree,Somewhat Agree,Somewhat Agree,Strongly Disagree,Strongly Agree,Strongly Agree,Somewhat Agree,Somewhat Agree,Somewhat Disagree,Neither Agree nor Disagree,Somewhat Agree,Somewhat Agree,I do not remember,"No, LSC 560 and all other participants",AI-stimulus
2022-11-10 12:44:16,2022-11-10 12:54:38,IP Address,72.33.2.251,100,622,True,2022-11-10 12:54:39,R_273fLxxqfWEmjK8,,,,,43.0812,-89.3845,anonymous,EN,"Yes, I agree",25-34,Woman,,No,Asian,,Masters,3+,No,Yes,No,Yes,Somewhat Agree,Somewhat Agree,Strongly Agree,Neither Agree nor Disagree,Neither Agree nor Disagree,Strongly Agree,Somewhat Agree,Somewhat Agree,Somewhat Agree,Neither Agree nor Disagree,Somewhat Agree,Neither Agree nor Disagree,Somewhat Agree,I do not remember,"No, LSC 560 and all other participants",Human-stimulus
2022-11-10 13:00:43,2022-11-10 13:05:05,IP Address,174.209.36.10,100,261,True,2022-11-10 13:05:05,R_24dsTJijfLZRiPG,,,,,41.779,-87.7789,anonymous,EN,"Yes, I agree",25-34,Man,,No,White,,Bachelors or 4 yr equivalent,3+,Yes,Yes,No,Yes,Neither Agree nor Disagree,Somewhat Disagree,Somewhat Agree,Neither Agree nor Disagree,Strongly Disagree,Strongly Agree,Strongly Agree,Neither Agree nor Disagree,Somewhat Disagree,Somewhat Agree,Neither Agree nor Disagree,Neither Agree nor Disagree,Somewhat Agree,I do not remember,"No, LSC 560 and all other participants",Human-stimulus
2022-11-10 13:07:34,2022-11-10 13:12:31,IP Address,73.94.242.135,100,297,True,2022-11-10 13:12:32,R_3mmjL2ialo1HWjJ,,,,,44.9005,-93.2885,anonymous,EN,"Yes, I agree",25-34,Man,,No,White,,Trade school,1-2,Yes,Not Sure,No,No,Neither Agree nor Disagree,Somewhat Disagree,Strongly Agree,Somewhat Agree,Somewhat Agree,Strongly Agree,Strongly Agree,Neither Agree nor Disagree,Somewhat Agree,Neither Agree nor Disagree,Somewhat Disagree,Somewhat Disagree,Neither Agree nor Disagree,"Blake Miller, a journalist from the Williamsburg Gazette","No, LSC 560 and all other participants",Human-stimulus
2022-11-10 13:25:54,2022-11-10 13:30:37,IP Address,174.192.138.158,100,283,True,2022-11-10 13:30:37,R_1OCzn7ZjhtRKVtM,,,,,42.1495,-88.0221,anonymous,EN,"Yes, I agree",25-34,Woman,,No,White,,Bachelors or 4 yr equivalent,1-2,Yes,Yes,No,No,Somewhat Agree,Strongly Agree,Somewhat Agree,Somewhat Agree,Somewhat Agree,Strongly Agree,Strongly Agree,Neither Agree nor Disagree,Somewhat Agree,Somewhat Disagree,Somewhat Disagree,Neither Agree nor Disagree,Neither Agree nor Disagree,"Heliograf, the Williamsburg Gazette's AI journalist","No, LSC 560 and all other participants",AI-stimulus
2022-11-10 13:43:58,2022-11-10 13:44:58,Survey Preview,,100,59,True,2022-11-10 13:44:59,R_2woE8N7LdWuw8kS,,,,,43.0812,-89.3845,preview,EN,"Yes, I agree",,,,,,,,,,No,No,No,Neither Agree nor Disagree,Somewhat Disagree,Somewhat Disagree,Strongly Disagree,Neither Agree nor Disagree,Neither Agree nor Disagree,Somewhat Agree,Strongly Agree,Somewhat Disagree,Somewhat Disagree,Neither Agree nor Disagree,Somewhat Agree,Somewhat Agree,I do not remember,"Yes, for LSC100, J345, J658, or LSC 675",Human-stimulus
2022-11-10 13:46:40,2022-11-10 13:47:57,Survey Preview,,100,77,True,2022-11-10 13:47:58,R_1LdudQy9R3YL62V,,,,,43.0812,-89.3845,preview,EN,"Yes, I agree",,,,,,,,,,Not Sure,Not Sure,Not Sure,Somewhat Disagree,Somewhat Agree,Somewhat Disagree,Somewhat Agree,Somewhat Agree,Neither Agree nor Disagree,Neither Agree nor Disagree,Strongly Disagree,Strongly Agree,Somewhat Disagree,Somewhat Disagree,Somewhat Disagree,Somewhat Agree,"Heliograf, the Williamsburg Gazette's AI journalist","Yes, for LSC100, J345, J658, or LSC 675",Human-stimulus
2022-11-10 14:02:06,2022-11-10 14:08:02,IP Address,72.33.2.202,100,355,True,2022-11-10 14:08:02,R_2THJSL7tWTr8dBT,,,,,43.0812,-89.3845,anonymous,EN,"Yes, I agree",25-34,Woman,,No,White,,Bachelors or 4 yr equivalent,0,No,Yes,No,Yes,Somewhat Agree,Somewhat Agree,Strongly Agree,Strongly Agree,Neither Agree nor Disagree,Strongly Agree,Strongly Agree,Somewhat Agree,Somewhat Disagree,Somewhat Disagree,Somewhat Agree,Somewhat Agree,Somewhat Agree,I do not remember,"Yes, for LSC100, J345, J658, or LSC 675",Human-stimulus
2022-11-10 14:13:35,2022-11-10 14:17:50,IP Address,71.87.114.158,100,254,True,2022-11-10 14:17:50,R_1GKwwTvvRCMw1U2,,,,,44.1552,-93.9961,anonymous,EN,"Yes, I agree",25-34,Man,,Yes,Other:,Hispanic,Bachelors or 4 yr equivalent,1-2,Yes,Yes,No,Yes,Somewhat Agree,Somewhat Agree,Neither Agree nor Disagree,Strongly Agree,Somewhat Disagree,Somewhat Agree,Strongly Agree,Neither Agree nor Disagree,Somewhat Agree,Neither Agree nor Disagree,Neither Agree nor Disagree,Somewhat Agree,Somewhat Agree,"Blake Miller, a journalist from the Williamsburg Gazette","No, LSC 560 and all other participants",Human-stimulus
2022-11-10 15:27:38,2022-11-10 15:36:37,IP Address,131.93.217.22,100,539,True,2022-11-10 15:36:38,R_2fqk2dWPOxr0QWy,,,,,43.0344,-89.5007,anonymous,EN,"Yes, I agree",25-34,Man,,No,White,,High school or GED,0,Yes,Yes,No,Yes,Somewhat Agree,Neither Agree nor Disagree,Neither Agree nor Disagree,Strongly Agree,Strongly Disagree,Strongly Agree,Somewhat Disagree,Somewhat Agree,Strongly Agree,Somewhat Agree,Neither Agree nor Disagree,Neither Agree nor Disagree,Neither Agree nor Disagree,"Heliograf, the Williamsburg Gazette's AI journalist","No, LSC 560 and all other participants",AI-stimulus
2022-11-10 15:52:32,2022-11-10 15:54:54,IP Address,47.225.210.170,100,142,True,2022-11-10 15:54:54,R_128SES7646kq213,,,,,44.7499,-93.2081,anonymous,EN,"Yes, I agree",25-34,Woman,,No,White,,Bachelors or 4 yr equivalent,1-2,Yes,Yes,No,No,Strongly Agree,Strongly Agree,Strongly Agree,Strongly Agree,Somewhat Disagree,Strongly Agree,Strongly Agree,Strongly Agree,Strongly Disagree,Strongly Agree,Strongly Agree,Strongly Agree,Strongly Agree,I do not remember,"No, LSC 560 and all other participants",AI-stimulus
2022-11-10 16:03:59,2022-11-10 16:06:59,IP Address,107.208.177.205,100,180,True,2022-11-10 16:07:00,R_spr6BVlPc7tL8L7,,,,,43.1205,-89.3523,anonymous,EN,"Yes, I agree",18-24,Woman,,No,White,,Masters,1-2,Yes,Yes,No,Yes,Somewhat Agree,Somewhat Agree,Somewhat Agree,Somewhat Agree,Somewhat Disagree,Somewhat Agree,Somewhat Agree,Neither Agree nor Disagree,Somewhat Agree,Neither Agree nor Disagree,Neither Agree nor Disagree,Neither Agree nor Disagree,Neither Agree nor Disagree,"Blake Miller, a journalist from the Williamsburg Gazette","No, LSC 560 and all other participants",Human-stimulus
2022-11-10 16:13:15,2022-11-10 16:16:09,IP Address,172.58.82.70,100,173,True,2022-11-10 16:16:09,R_2Va6yCaXkDeCJMs,,,,,45.0228,-93.3012,anonymous,EN,"Yes, I agree",25-34,Woman,,No,White,,Trade school,1-2,Yes,Yes,No,Yes,Neither Agree nor Disagree,Somewhat Disagree,Somewhat Disagree,Neither Agree nor Disagree,Neither Agree nor Disagree,Strongly Agree,Neither Agree nor Disagree,Neither Agree nor Disagree,Somewhat Agree,Somewhat Disagree,Somewhat Disagree,Somewhat Disagree,Neither Agree nor Disagree,I do not remember,"No, LSC 560 and all other participants",AI-stimulus
2022-11-10 17:27:58,2022-11-10 17:31:50,IP Address,198.232.126.108,100,232,True,2022-11-10 17:31:51,R_2zZMunY2qSODsz4,,,,,43.0812,-89.3845,anonymous,EN,"Yes, I agree",18-24,Woman,,No,White,,High school or GED,1-2,Yes,Yes,No,No,Somewhat Agree,Somewhat Agree,Somewhat Agree,Somewhat Agree,Somewhat Agree,Strongly Agree,Strongly Agree,Somewhat Agree,Somewhat Disagree,Somewhat Disagree,Somewhat Agree,Somewhat Agree,Neither Agree nor Disagree,"Blake Miller, a journalist from the Williamsburg Gazette","No, LSC 560 and all other participants",Human-stimulus
2022-11-10 18:20:00,2022-11-10 18:24:37,IP Address,35.148.19.1,100,276,True,2022-11-10 18:24:37,R_3KT1X4khkDVoMEW,,,,,43.0684,-89.4293,anonymous,EN,"Yes, I agree",18-24,Woman,,No,White,,Bachelors or 4 yr equivalent,1-2,Yes,Yes,No,Yes,Strongly Agree,Strongly Disagree,Strongly Agree,Strongly Agree,Somewhat Disagree,Strongly Agree,Strongly Agree,Somewhat Disagree,Somewhat Agree,Somewhat Agree,Somewhat Agree,Strongly Agree,Strongly Agree,"Blake Miller, a journalist from the Williamsburg Gazette","Yes, for LSC100, J345, J658, or LSC 675",Human-stimulus
2022-11-11 16:03:33,2022-11-11 16:09:34,IP Address,71.90.101.168,100,361,True,2022-11-11 16:09:35,R_1LdpzzAhigrIiwK,,,,,43.0684,-89.4293,anonymous,EN,"Yes, I agree",18-24,Woman,,No,White,,Bachelors or 4 yr equivalent,1-2,Yes,Yes,No,Yes,Somewhat Disagree,Neither Agree nor Disagree,Somewhat Disagree,Somewhat Disagree,Somewhat Disagree,Somewhat Agree,Somewhat Agree,Somewhat Disagree,Somewhat Disagree,Somewhat Disagree,Somewhat Disagree,Neither Agree nor Disagree,Neither Agree nor Disagree,I do not remember,"Yes, for LSC100, J345, J658, or LSC 675",Human-stimulus
2022-11-12 09:40:10,2022-11-12 09:43:53,IP Address,174.192.131.128,100,223,True,2022-11-12 09:43:53,R_3mad2TjLpXHHEnM,,,,,42.1614,-87.966,anonymous,EN,"Yes, I agree",18-24,Woman,,No,White,,High school or GED,1-2,Yes,Yes,No,Yes,Somewhat Agree,Neither Agree nor Disagree,Somewhat Disagree,Somewhat Agree,Somewhat Disagree,Strongly Agree,Strongly Agree,Somewhat Agree,Neither Agree nor Disagree,Somewhat Disagree,Neither Agree nor Disagree,Somewhat Disagree,Somewhat Disagree,"Heliograf, the Williamsburg Gazette's AI journalist","Yes, for LSC100, J345, J658, or LSC 675",AI-stimulus
2022-11-12 19:25:16,2022-11-12 19:29:30,IP Address,76.235.99.97,100,254,True,2022-11-12 19:29:30,R_3QKlrVcK4iLHVKd,,,,,43.1205,-89.3523,anonymous,EN,"Yes, I agree",18-24,Woman,,Yes,White,,High school or GED,1-2,Yes,No,No,Yes,Somewhat Agree,Somewhat Agree,Neither Agree nor Disagree,Somewhat Agree,Somewhat Disagree,Strongly Agree,Somewhat Agree,Somewhat Agree,Neither Agree nor Disagree,Somewhat Agree,Somewhat Agree,Somewhat Agree,Neither Agree nor Disagree,"Blake Miller, a journalist from the Williamsburg Gazette","Yes, for LSC100, J345, J658, or LSC 675",Human-stimulus
2022-11-13 17:52:46,2022-11-13 17:56:07,IP Address,72.33.2.11,100,200,True,2022-11-13 17:56:07,R_yWu5OthYS9IryE1,,,,,43.0812,-89.3845,anonymous,EN,"Yes, I agree",18-24,Man,,No,Asian,,High school or GED,1-2,No,Yes,No,No,Somewhat Agree,Somewhat Agree,Neither Agree nor Disagree,Strongly Agree,Strongly Disagree,Strongly Agree,Somewhat Agree,Somewhat Agree,Somewhat Disagree,Neither Agree nor Disagree,Neither Agree nor Disagree,Somewhat Agree,Strongly Agree,I do not remember,"No, LSC 560 and all other participants",AI-stimulus
2022-11-14 13:39:58,2022-11-14 13:40:58,Survey Preview,,100,60,True,2022-11-14 13:41:01,R_2Euzz3XC5wgClgN,,,,,43.0812,-89.3845,preview,EN,"Yes, I agree",35-44,Non-binary / third gender,,Yes,Asian,,Bachelors or 4 yr equivalent,0,Yes,Yes,No,Not Sure,Somewhat Disagree,Somewhat Disagree,Neither Agree nor Disagree,Neither Agree nor Disagree,Strongly Disagree,Neither Agree nor Disagree,Somewhat Disagree,Somewhat Agree,Neither Agree nor Disagree,Strongly Agree,Neither Agree nor Disagree,Strongly Disagree,Strongly Agree,"Heliograf, the Williamsburg Gazette's AI journalist","Yes, for LSC100, J345, J658, or LSC 675",Human-stimulus
2022-11-14 16:20:11,2022-11-14 16:34:23,IP Address,72.33.2.29,100,852,True,2022-11-14 16:34:23,R_21p3BPqNx4NbZIa,,,,,43.0812,-89.3845,anonymous,EN,"Yes, I agree",18-24,Woman,,No,White,,High school or GED,1-2,Yes,Yes,No,No,Strongly Agree,Somewhat Agree,Somewhat Disagree,Strongly Agree,Strongly Agree,Strongly Disagree,Strongly Agree,Somewhat Agree,Somewhat Agree,Somewhat Disagree,Somewhat Disagree,Somewhat Agree,Somewhat Agree,"Blake Miller, a journalist from the Williamsburg Gazette","No, LSC 560 and all other participants",Human-stimulus
2022-11-14 16:58:58,2022-11-14 17:02:04,IP Address,72.33.2.17,100,185,True,2022-11-14 17:02:04,R_1GUgmqe2HORhoHO,,,,,43.0812,-89.3845,anonymous,EN,"Yes, I agree",18-24,Woman,,No,Asian,,High school or GED,0,No,Yes,No,Yes,Somewhat Agree,Neither Agree nor Disagree,Somewhat Agree,Somewhat Agree,Somewhat Agree,Strongly Agree,Strongly Agree,Strongly Agree,Strongly Agree,Strongly Agree,Neither Agree nor Disagree,Neither Agree nor Disagree,Neither Agree nor Disagree,"Heliograf, the Williamsburg Gazette's AI journalist","Yes, for LSC100, J345, J658, or LSC 675",AI-stimulus
2022-11-14 17:22:19,2022-11-14 17:24:28,IP Address,72.33.2.146,100,128,True,2022-11-14 17:24:28,R_2pMpO83asy0PQFA,,,,,43.0812,-89.3845,anonymous,EN,"Yes, I agree",18-24,Woman,,No,White,,High school or GED,1-2,Yes,Not Sure,No,Yes,Neither Agree nor Disagree,Neither Agree nor Disagree,Somewhat Agree,Somewhat Agree,Strongly Agree,Strongly Agree,Strongly Agree,Strongly Agree,Strongly Disagree,Strongly Agree,Somewhat Agree,Somewhat Agree,Somewhat Agree,I do not remember,"Yes, for LSC100, J345, J658, or LSC 675",AI-stimulus
2022-11-14 17:35:30,2022-11-14 17:44:00,IP Address,72.33.2.230,100,510,True,2022-11-14 17:44:00,R_88nMU8grRcDOtgd,,,,,43.0812,-89.3845,anonymous,EN,"Yes, I agree",18-24,Woman,,Yes,Other:,,High school or GED,3+,Yes,Not Sure,No,Yes,Somewhat Agree,Somewhat Agree,Somewhat Agree,Strongly Agree,Somewhat Agree,Strongly Agree,Neither Agree nor Disagree,Strongly Agree,Neither Agree nor Disagree,Neither Agree nor Disagree,Neither Agree nor Disagree,Neither Agree nor Disagree,Somewhat Disagree,I do not remember,"Yes, for LSC100, J345, J658, or LSC 675",Human-stimulus
2022-11-14 18:38:32,2022-11-14 18:42:18,IP Address,71.87.80.178,100,226,True,2022-11-14 18:42:19,R_2rAZhAEFoAYUsPD,,,,,43.103,-89.5073,anonymous,EN,"Yes, I agree",25-34,Woman,,No,White,,Masters,1-2,Yes,Yes,No,No,Neither Agree nor Disagree,Somewhat Agree,Somewhat Agree,Somewhat Agree,Somewhat Agree,Strongly Agree,Strongly Agree,Somewhat Agree,Neither Agree nor Disagree,Somewhat Disagree,Neither Agree nor Disagree,Neither Agree nor Disagree,Somewhat Agree,"Heliograf, the Williamsburg Gazette's AI journalist","No, LSC 560 and all other participants",AI-stimulus
2022-11-14 18:50:31,2022-11-14 18:59:14,IP Address,146.151.113.114,100,522,True,2022-11-14 18:59:14,R_u1UN1rzdcTrHbKV,,,,,43.0725,-89.4491,anonymous,EN,"Yes, I agree",18-24,Man,,No,White,,Bachelors or 4 yr equivalent,3+,Yes,No,No,Yes,Somewhat Agree,Somewhat Agree,Somewhat Agree,Somewhat Agree,Strongly Agree,Strongly Agree,Strongly Agree,Strongly Agree,Neither Agree nor Disagree,Somewhat Disagree,Somewhat Agree,Somewhat Agree,Somewhat Agree,I do not remember,"No, LSC 560 and all other participants",Human-stimulus
2022-11-14 19:13:41,2022-11-14 19:16:46,IP Address,72.33.2.159,100,184,True,2022-11-14 19:16:47,R_2zdcUQJEwDvLzQk,,,,,43.0812,-89.3845,anonymous,EN,"Yes, I agree",18-24,Woman,,No,White,,Bachelors or 4 yr equivalent,1-2,Yes,No,Yes,No,Somewhat Agree,Somewhat Agree,Strongly Agree,Somewhat Disagree,Strongly Disagree,Strongly Agree,Strongly Agree,Strongly Disagree,Strongly Disagree,Strongly Disagree,Neither Agree nor Disagree,Neither Agree nor Disagree,Somewhat Agree,I do not remember,"No, LSC 560 and all other participants",Human-stimulus
2022-11-14 19:31:11,2022-11-14 19:32:57,IP Address,35.148.93.158,100,106,True,2022-11-14 19:32:57,R_2DY3az2unHGyWQ5,,,,,43.0812,-89.3845,anonymous,EN,"Yes, I agree",18-24,Man,,No,White,,Associates or other 2-yr equivalent,1-2,Yes,Yes,Yes,Yes,Somewhat Agree,Neither Agree nor Disagree,Neither Agree nor Disagree,Neither Agree nor Disagree,Neither Agree nor Disagree,Strongly Agree,Strongly Agree,Somewhat Agree,Neither Agree nor Disagree,Somewhat Agree,Somewhat Agree,Somewhat Agree,Somewhat Agree,I do not remember,"Yes, for LSC100, J345, J658, or LSC 675",AI-stimulus
2022-11-14 20:57:28,2022-11-14 21:02:57,IP Address,146.151.104.226,100,328,True,2022-11-14 21:02:57,R_3VIqSXOJzRYp5wl,,,,,43.0725,-89.4491,anonymous,EN,"Yes, I agree",25-34,Woman,,No,White,,Bachelors or 4 yr equivalent,1-2,Yes,Yes,Yes,No,Strongly Agree,Strongly Agree,Neither Agree nor Disagree,Somewhat Disagree,Somewhat Disagree,Somewhat Agree,Neither Agree nor Disagree,Neither Agree nor Disagree,Somewhat Agree,Neither Agree nor Disagree,Neither Agree nor Disagree,Somewhat Disagree,Neither Agree nor Disagree,"Heliograf, the Williamsburg Gazette's AI journalist","No, LSC 560 and all other participants",AI-stimulus
2022-11-15 07:42:26,2022-11-15 08:07:27,IP Address,72.33.0.122,100,1500,True,2022-11-15 08:07:27,R_1FPAulvoUB6Hczp,,,,,43.0812,-89.3845,anonymous,EN,"Yes, I agree",25-34,Man,,,Other:,Latino,Masters,1-2,No,Yes,No,No,Somewhat Agree,Somewhat Agree,Neither Agree nor Disagree,Somewhat Agree,Somewhat Disagree,Somewhat Agree,Somewhat Agree,Somewhat Agree,Somewhat Disagree,Neither Agree nor Disagree,Neither Agree nor Disagree,Neither Agree nor Disagree,Neither Agree nor Disagree,"Blake Miller, a journalist from the Williamsburg Gazette","No, LSC 560 and all other participants",Human-stimulus
2022-11-15 08:49:19,2022-11-15 08:52:43,IP Address,72.33.2.215,100,204,True,2022-11-15 08:52:44,R_3oRE9DRfGKMfgSv,,,,,43.0812,-89.3845,anonymous,EN,"Yes, I agree",18-24,Woman,,No,White,,High school or GED,0,Yes,Yes,No,No,Somewhat Disagree,Somewhat Disagree,Somewhat Agree,Neither Agree nor Disagree,Somewhat Disagree,Somewhat Agree,Somewhat Agree,Somewhat Agree,Somewhat Agree,Neither Agree nor Disagree,Somewhat Disagree,Somewhat Disagree,Neither Agree nor Disagree,I do not remember,"Yes, for LSC100, J345, J658, or LSC 675",Human-stimulus
2022-11-15 08:52:45,2022-11-15 08:55:09,IP Address,172.225.24.64,100,143,True,2022-11-15 08:55:09,R_2ANciNHsYtr4LXs,,,,,43.0782,-89.4075,anonymous,EN,"Yes, I agree",18-24,Woman,,No,White,,High school or GED,3+,No,Yes,Not Sure,No,Neither Agree nor Disagree,Strongly Disagree,Somewhat Disagree,Neither Agree nor Disagree,Neither Agree nor Disagree,Somewhat Agree,Somewhat Agree,Neither Agree nor Disagree,Neither Agree nor Disagree,Neither Agree nor Disagree,Neither Agree nor Disagree,Neither Agree nor Disagree,Somewhat Agree,I do not remember,"Yes, for LSC100, J345, J658, or LSC 675",Human-stimulus
2022-11-15 08:49:24,2022-11-15 08:55:12,IP Address,72.33.2.139,100,347,True,2022-11-15 08:55:12,R_1j7zou0Cf4XrWzk,,,,,43.0812,-89.3845,anonymous,EN,"Yes, I agree",18-24,Woman,,No,White,,High school or GED,1-2,Yes,Not Sure,No,Yes,Somewhat Agree,Somewhat Agree,Somewhat Agree,Somewhat Agree,Strongly Agree,Strongly Agree,Strongly Agree,Strongly Agree,Somewhat Disagree,Somewhat Agree,Somewhat Agree,Somewhat Agree,Somewhat Agree,I do not remember,"Yes, for LSC100, J345, J658, or LSC 675",Human-stimulus
2022-11-15 08:57:38,2022-11-15 09:00:19,IP Address,72.33.2.67,100,160,True,2022-11-15 09:00:19,R_2tgOLno19DX6u40,,,,,43.0812,-89.3845,anonymous,EN,"Yes, I agree",18-24,Man,,No,White,,High school or GED,1-2,Yes,No,No,Not Sure,Somewhat Agree,Somewhat Agree,Neither Agree nor Disagree,Somewhat Agree,Somewhat Agree,Strongly Agree,Strongly Agree,Somewhat Agree,Somewhat Disagree,Somewhat Agree,Somewhat Agree,Neither Agree nor Disagree,Somewhat Agree,"Heliograf, the Williamsburg Gazette's AI journalist","Yes, for LSC100, J345, J658, or LSC 675",AI-stimulus
2022-11-15 08:55:34,2022-11-15 09:00:39,IP Address,72.33.0.96,100,304,True,2022-11-15 09:00:39,R_1hGRaWOaQRU9lBw,,,,,43.0812,-89.3845,anonymous,EN,"Yes, I agree",18-24,Woman,,No,Asian,,High school or GED,0,Yes,No,No,Yes,Strongly Agree,Strongly Agree,Strongly Agree,Strongly Agree,Strongly Agree,Strongly Agree,Strongly Agree,Somewhat Agree,Neither Agree nor Disagree,Neither Agree nor Disagree,Somewhat Agree,Somewhat Agree,Somewhat Agree,"Heliograf, the Williamsburg Gazette's AI journalist","Yes, for LSC100, J345, J658, or LSC 675",AI-stimulus
2022-11-15 09:19:09,2022-11-15 09:23:46,IP Address,72.33.2.240,100,277,True,2022-11-15 09:23:47,R_3HT7EPsziBF2dem,,,,,43.0812,-89.3845,anonymous,EN,"Yes, I agree",18-24,Man,,No,Asian,,High school or GED,0,Yes,Yes,Yes,No,Somewhat Agree,Neither Agree nor Disagree,Somewhat Agree,Somewhat Agree,Somewhat Disagree,Strongly Agree,Somewhat Agree,Neither Agree nor Disagree,Somewhat Agree,Neither Agree nor Disagree,Somewhat Disagree,Strongly Disagree,Neither Agree nor Disagree,"Blake Miller, a journalist from the Williamsburg Gazette","Yes, for LSC100, J345, J658, or LSC 675",Human-stimulus
2022-11-15 08:43:01,2022-11-15 09:35:17,IP Address,72.33.0.207,100,3135,True,2022-11-15 09:35:17,R_31hj8nNyrbequoF,,,,,43.0812,-89.3845,anonymous,EN,"Yes, I agree",18-24,Man,,No,Asian,,High school or GED,0,Yes,Yes,Yes,Yes,Somewhat Agree,Somewhat Agree,Neither Agree nor Disagree,Somewhat Agree,Neither Agree nor Disagree,Strongly Agree,Somewhat Agree,Neither Agree nor Disagree,Strongly Agree,Neither Agree nor Disagree,Somewhat Disagree,Strongly Disagree,Neither Agree nor Disagree,"Heliograf, the Williamsburg Gazette's AI journalist","Yes, for LSC100, J345, J658, or LSC 675",AI-stimulus
2022-11-15 09:37:25,2022-11-15 09:41:54,IP Address,24.158.2.125,100,269,True,2022-11-15 09:41:55,R_2YAnnrFbjnmTV19,,,,,43.0628,-89.3171,anonymous,EN,"Yes, I agree",18-24,Woman,,Yes,White,,High school or GED,1-2,No,Yes,No,No,Somewhat Agree,Somewhat Agree,Somewhat Agree,Somewhat Agree,Somewhat Disagree,Strongly Agree,Strongly Agree,Somewhat Agree,Somewhat Disagree,Somewhat Agree,Somewhat Agree,Somewhat Agree,Somewhat Agree,I do not remember,"Yes, for LSC100, J345, J658, or LSC 675",Human-stimulus
2022-11-15 09:56:47,2022-11-15 09:59:43,IP Address,72.33.2.171,100,175,True,2022-11-15 09:59:43,R_2WHacnzUQGHglP9,,,,,43.0812,-89.3845,anonymous,EN,"Yes, I agree",18-24,Woman,,No,White,,High school or GED,1-2,Yes,Yes,No,No,Somewhat Disagree,Somewhat Disagree,Neither Agree nor Disagree,Somewhat Agree,Somewhat Disagree,Strongly Agree,Somewhat Disagree,Somewhat Disagree,Somewhat Agree,Somewhat Agree,Somewhat Disagree,Somewhat Disagree,Neither Agree nor Disagree,I do not remember,"Yes, for LSC100, J345, J658, or LSC 675",Human-stimulus
2022-11-15 10:06:56,2022-11-15 10:09:56,IP Address,72.33.2.148,100,180,True,2022-11-15 10:09:56,R_xxSH36RZEIiAt8t,,,,,43.0812,-89.3845,anonymous,EN,"Yes, I agree",18-24,Woman,,No,Asian,,High school or GED,1-2,Prefer not to disclose,Yes,No,No,Strongly Agree,Somewhat Agree,Neither Agree nor Disagree,Somewhat Agree,Somewhat Agree,Strongly Agree,Strongly Agree,Somewhat Agree,Somewhat Agree,Strongly Agree,Neither Agree nor Disagree,Somewhat Agree,Somewhat Agree,I do not remember,"Yes, for LSC100, J345, J658, or LSC 675",AI-stimulus
2022-11-15 10:14:03,2022-11-15 10:17:59,IP Address,108.85.185.158,100,236,True,2022-11-15 10:18:00,R_1QyJJEE37Zyw2f3,,,,,43.0812,-89.3845,anonymous,EN,"Yes, I agree",25-34,Woman,,No,White,,Bachelors or 4 yr equivalent,1-2,Yes,Yes,Yes,Not Sure,Strongly Agree,Strongly Agree,Strongly Agree,Strongly Agree,Somewhat Agree,Strongly Agree,Strongly Agree,Somewhat Agree,Strongly Agree,Strongly Disagree,Somewhat Disagree,Strongly Disagree,Somewhat Disagree,"Heliograf, the Williamsburg Gazette's AI journalist","No, LSC 560 and all other participants",AI-stimulus
2022-11-15 09:58:29,2022-11-15 10:18:57,IP Address,72.33.2.109,100,1228,True,2022-11-15 10:18:58,R_3rJ99K6Q421EkT9,,,,,43.0812,-89.3845,anonymous,EN,"Yes, I agree",18-24,Woman,,No,Asian,,High school or GED,1-2,Yes,Not Sure,Not Sure,Yes,Somewhat Agree,Strongly Agree,Strongly Agree,Somewhat Agree,Somewhat Agree,Strongly Agree,Strongly Agree,Somewhat Agree,Somewhat Disagree,Somewhat Agree,Somewhat Disagree,Somewhat Disagree,Somewhat Agree,I do not remember,"Yes, for LSC100, J345, J658, or LSC 675",Human-stimulus
2022-11-15 10:19:52,2022-11-15 10:24:19,IP Address,72.33.2.51,100,266,True,2022-11-15 10:24:19,R_ZafztrMQEzUYzfj,,,,,43.0812,-89.3845,anonymous,EN,"Yes, I agree",18-24,Woman,,No,White,,High school or GED,1-2,Yes,Yes,Not Sure,Yes,Somewhat Agree,Somewhat Agree,Somewhat Agree,Somewhat Agree,Neither Agree nor Disagree,Strongly Agree,Strongly Agree,Somewhat Agree,Neither Agree nor Disagree,Somewhat Agree,Neither Agree nor Disagree,Neither Agree nor Disagree,Neither Agree nor Disagree,"Blake Miller, a journalist from the Williamsburg Gazette","Yes, for LSC100, J345, J658, or LSC 675",Human-stimulus
2022-11-15 10:58:18,2022-11-15 11:26:52,IP Address,108.54.161.90,100,1714,True,2022-11-15 11:26:53,R_02NdXVcIJBo7fGN,,,,,40.7637,-73.7695,anonymous,EN,"Yes, I agree",45-54,Woman,,No,Asian,,Bachelors or 4 yr equivalent,1-2,Yes,No,No,Yes,Neither Agree nor Disagree,Neither Agree nor Disagree,Neither Agree nor Disagree,Neither Agree nor Disagree,Neither Agree nor Disagree,Strongly Agree,Strongly Agree,Neither Agree nor Disagree,Neither Agree nor Disagree,Somewhat Agree,Neither Agree nor Disagree,Neither Agree nor Disagree,Neither Agree nor Disagree,I do not remember,"No, LSC 560 and all other participants",Human-stimulus
2022-11-15 11:44:35,2022-11-15 11:47:39,IP Address,72.33.2.199,100,184,True,2022-11-15 11:47:40,R_SJgZlpnGT3HCEJr,,,,,43.0812,-89.3845,anonymous,EN,"Yes, I agree",18-24,Man,,No,Asian,,High school or GED,0,No,Not Sure,Not Sure,Not Sure,Neither Agree nor Disagree,Neither Agree nor Disagree,Neither Agree nor Disagree,Neither Agree nor Disagree,Neither Agree nor Disagree,Neither Agree nor Disagree,Neither Agree nor Disagree,Neither Agree nor Disagree,Neither Agree nor Disagree,Neither Agree nor Disagree,Neither Agree nor Disagree,Neither Agree nor Disagree,Neither Agree nor Disagree,I do not remember,"Yes, for LSC100, J345, J658, or LSC 675",AI-stimulus
2022-11-15 11:57:30,2022-11-15 12:03:43,IP Address,72.33.2.50,100,372,True,2022-11-15 12:03:43,R_3CV0nKD4Eju9bbJ,,,,,43.0812,-89.3845,anonymous,EN,"Yes, I agree",25-34,Woman,,No,Asian,,Masters,0,Yes,No,No,No,Somewhat Agree,Somewhat Agree,Neither Agree nor Disagree,Somewhat Agree,Neither Agree nor Disagree,Strongly Agree,Strongly Agree,Somewhat Agree,Neither Agree nor Disagree,Somewhat Disagree,Neither Agree nor Disagree,Neither Agree nor Disagree,Somewhat Agree,I do not remember,"No, LSC 560 and all other participants",AI-stimulus
2022-11-15 10:55:02,2022-11-15 12:16:20,IP Address,72.33.2.73,100,4877,True,2022-11-15 12:16:20,R_3nBgow3xmBK5vNk,,,,,43.0812,-89.3845,anonymous,EN,"Yes, I agree",18-24,Woman,,No,White,,High school or GED,1-2,Yes,Yes,No,Yes,Somewhat Disagree,Strongly Disagree,Neither Agree nor Disagree,Somewhat Agree,Somewhat Agree,Strongly Agree,Somewhat Agree,Strongly Agree,Somewhat Agree,Somewhat Disagree,Neither Agree nor Disagree,Neither Agree nor Disagree,Somewhat Agree,I do not remember,"Yes, for LSC100, J345, J658, or LSC 675",Human-stimulus
2022-11-15 12:32:00,2022-11-15 12:40:27,IP Address,107.127.42.141,100,506,True,2022-11-15 12:40:27,R_3L53veBwNH0MnMh,,,,,40.7597,-73.981,anonymous,EN,"Yes, I agree",45-54,Woman,,No,Asian,,Bachelors or 4 yr equivalent,1-2,Yes,Yes,No,Yes,Somewhat Agree,Somewhat Agree,Somewhat Agree,Somewhat Agree,Somewhat Agree,Strongly Agree,Strongly Agree,Somewhat Agree,Somewhat Disagree,Somewhat Agree,Neither Agree nor Disagree,Neither Agree nor Disagree,Somewhat Agree,"Heliograf, the Williamsburg Gazette's AI journalist","No, LSC 560 and all other participants",AI-stimulus
2022-11-15 12:38:57,2022-11-15 12:42:08,IP Address,72.33.2.43,100,190,True,2022-11-15 12:42:08,R_3GrH9pfV6OPnyXF,,,,,43.0812,-89.3845,anonymous,EN,"Yes, I agree",18-24,Woman,,No,Asian,,High school or GED,1-2,Yes,Not Sure,No,Yes,Somewhat Agree,Somewhat Agree,Strongly Agree,Somewhat Agree,Somewhat Disagree,Strongly Agree,Somewhat Agree,Somewhat Agree,Neither Agree nor Disagree,Somewhat Agree,Somewhat Disagree,Somewhat Disagree,Neither Agree nor Disagree,"Heliograf, the Williamsburg Gazette's AI journalist","Yes, for LSC100, J345, J658, or LSC 675",Human-stimulus
2022-11-15 10:57:45,2022-11-15 13:03:18,IP Address,108.29.39.39,100,7532,True,2022-11-15 13:03:18,R_1dNv4TPiqmKZrjz,,,,,40.8156,-73.509,anonymous,EN,"Yes, I agree",35-44,Man,,No,Asian,,Bachelors or 4 yr equivalent,3+,No,Yes,No,Yes,Strongly Agree,Strongly Agree,Neither Agree nor Disagree,Strongly Agree,Somewhat Agree,Strongly Agree,Strongly Agree,Strongly Agree,Strongly Disagree,Somewhat Agree,Neither Agree nor Disagree,Neither Agree nor Disagree,Neither Agree nor Disagree,"Blake Miller, a journalist from the Williamsburg Gazette","No, LSC 560 and all other participants",Human-stimulus
2022-11-15 13:42:33,2022-11-15 13:44:41,IP Address,72.33.2.164,100,128,True,2022-11-15 13:44:41,R_pH0HdqKH0otvUyd,,,,,43.0812,-89.3845,anonymous,EN,"Yes, I agree",18-24,Man,,No,Asian,,High school or GED,1-2,Yes,No,No,No,Neither Agree nor Disagree,Neither Agree nor Disagree,Neither Agree nor Disagree,Somewhat Agree,Somewhat Agree,Strongly Agree,Strongly Agree,Strongly Agree,Strongly Agree,Strongly Agree,Somewhat Agree,Somewhat Agree,Somewhat Agree,I do not remember,"Yes, for LSC100, J345, J658, or LSC 675",AI-stimulus
2022-11-15 13:45:38,2022-11-15 13:47:59,IP Address,72.33.2.248,100,140,True,2022-11-15 13:47:59,R_2dZ39AImzFFaNOo,,,,,43.0812,-89.3845,anonymous,EN,"Yes, I agree",18-24,Woman,,No,White,,High school or GED,1-2,Yes,Yes,No,No,Somewhat Agree,Neither Agree nor Disagree,Somewhat Agree,Somewhat Agree,Neither Agree nor Disagree,Strongly Agree,Strongly Agree,Somewhat Disagree,Neither Agree nor Disagree,Neither Agree nor Disagree,Neither Agree nor Disagree,Neither Agree nor Disagree,Somewhat Agree,I do not remember,"Yes, for LSC100, J345, J658, or LSC 675",AI-stimulus
2022-11-15 13:59:52,2022-11-15 14:05:02,IP Address,72.33.2.91,100,310,True,2022-11-15 14:05:03,R_3lsH7CZs5DgYPpI,,,,,43.0812,-89.3845,anonymous,EN,"Yes, I agree",18-24,Man,,No,White,,High school or GED,0,Yes,Yes,No,Yes,Neither Agree nor Disagree,Somewhat Agree,Neither Agree nor Disagree,Somewhat Agree,Somewhat Disagree,Somewhat Agree,Somewhat Agree,Somewhat Agree,Somewhat Disagree,Neither Agree nor Disagree,Neither Agree nor Disagree,Somewhat Disagree,Somewhat Disagree,I do not remember,"Yes, for LSC100, J345, J658, or LSC 675",AI-stimulus
2022-11-15 14:11:24,2022-11-15 14:14:09,IP Address,72.33.2.22,100,164,True,2022-11-15 14:14:09,R_XpKLCfgWdvpVw3v,,,,,43.0812,-89.3845,anonymous,EN,"Yes, I agree",18-24,Woman,,No,Asian,,High school or GED,1-2,Yes,Yes,No,Yes,Somewhat Agree,Somewhat Agree,Strongly Agree,Strongly Agree,Strongly Agree,Strongly Agree,Strongly Agree,Strongly Agree,Strongly Disagree,Strongly Agree,Strongly Agree,Somewhat Agree,Strongly Agree,"Blake Miller, a journalist from the Williamsburg Gazette","Yes, for LSC100, J345, J658, or LSC 675",Human-stimulus
2022-11-15 14:20:49,2022-11-15 14:36:07,IP Address,65.31.99.100,100,918,True,2022-11-15 14:36:08,R_Y9u0HGR3quFGfnP,,,,,43.1172,-88.3446,anonymous,EN,"Yes, I agree",55-65,Woman,,No,White,,Masters,3+,Yes,No,No,Yes,Strongly Agree,Strongly Agree,Somewhat Agree,Strongly Agree,Somewhat Agree,Strongly Agree,Strongly Agree,Somewhat Agree,Somewhat Disagree,Somewhat Agree,Somewhat Disagree,Somewhat Agree,Somewhat Agree,"Blake Miller, a journalist from the Williamsburg Gazette","No, LSC 560 and all other participants",Human-stimulus
2022-11-15 14:44:22,2022-11-15 14:48:02,IP Address,174.192.149.222,100,219,True,2022-11-15 14:48:02,R_O3GHvXqtvcTd5vz,,,,,42.3667,-88.0925,anonymous,EN,"Yes, I agree",18-24,Woman,,No,"American Indian or Alaska Native; ",,High school or GED,0,Yes,Yes,No,Yes,Strongly Agree,Strongly Agree,Somewhat Agree,Strongly Agree,Strongly Agree,Strongly Agree,Strongly Agree,Strongly Agree,Somewhat Disagree,Somewhat Agree,Somewhat Agree,Somewhat Agree,Somewhat Agree,"Heliograf, the Williamsburg Gazette's AI journalist","Yes, for LSC100, J345, J658, or LSC 675",AI-stimulus
2022-11-15 15:00:33,2022-11-15 15:03:20,IP Address,50.93.222.106,100,167,True,2022-11-15 15:03:21,R_3OBzJ1TSO8zXLwJ,,,,,43.0812,-89.3845,anonymous,EN,"Yes, I agree",18-24,Woman,,No,White,,High school or GED,1-2,Yes,Yes,Yes,Yes,Somewhat Disagree,Strongly Disagree,Somewhat Agree,Somewhat Agree,Somewhat Agree,Strongly Agree,Strongly Agree,Somewhat Disagree,Somewhat Agree,Neither Agree nor Disagree,Neither Agree nor Disagree,Neither Agree nor Disagree,Neither Agree nor Disagree,I do not remember,"No, LSC 560 and all other participants",Human-stimulus
2022-11-15 16:29:25,2022-11-15 16:31:51,IP Address,72.33.2.173,100,146,True,2022-11-15 16:31:51,R_1GZJxa3rdzFgzkB,,,,,43.0812,-89.3845,anonymous,EN,"Yes, I agree",18-24,Woman,,No,Asian,,High school or GED,1-2,Yes,Yes,Yes,Yes,Somewhat Agree,Somewhat Agree,Somewhat Disagree,Somewhat Agree,Somewhat Disagree,Strongly Agree,Somewhat Agree,Somewhat Agree,Somewhat Agree,Somewhat Agree,Neither Agree nor Disagree,Somewhat Agree,Somewhat Agree,"Heliograf, the Williamsburg Gazette's AI journalist","Yes, for LSC100, J345, J658, or LSC 675",Human-stimulus
2022-11-15 17:05:38,2022-11-15 17:10:07,IP Address,72.33.2.45,100,269,True,2022-11-15 17:10:08,R_3HzTEzxvF8pElUe,,,,,43.0812,-89.3845,anonymous,EN,"Yes, I agree",18-24,Woman,,No,White,,High school or GED,0,Yes,Yes,Not Sure,Yes,Strongly Agree,Strongly Agree,Somewhat Agree,Strongly Agree,Somewhat Agree,Strongly Agree,Strongly Agree,Strongly Agree,Strongly Agree,Strongly Disagree,Somewhat Agree,Strongly Agree,Strongly Agree,"Heliograf, the Williamsburg Gazette's AI journalist","Yes, for LSC100, J345, J658, or LSC 675",Human-stimulus
2022-11-15 18:31:44,2022-11-15 18:35:14,IP Address,72.33.2.187,100,209,True,2022-11-15 18:35:14,R_1ih8R7uQKdIRftq,,,,,43.0812,-89.3845,anonymous,EN,"Yes, I agree",18-24,Woman,,No,White,,Bachelors or 4 yr equivalent,0,Yes,Yes,No,Yes,Neither Agree nor Disagree,Somewhat Agree,Neither Agree nor Disagree,Neither Agree nor Disagree,Somewhat Agree,Strongly Agree,Strongly Agree,Strongly Agree,Neither Agree nor Disagree,Neither Agree nor Disagree,Neither Agree nor Disagree,Neither Agree nor Disagree,Somewhat Agree,"Blake Miller, a journalist from the Williamsburg Gazette","Yes, for LSC100, J345, J658, or LSC 675",AI-stimulus
2022-11-15 19:39:31,2022-11-15 19:43:48,IP Address,72.33.2.23,100,257,True,2022-11-15 19:43:49,R_8oyxH15NLyey02R,,,,,43.0812,-89.3845,anonymous,EN,"Yes, I agree",18-24,Man,,No,"Asian,White",,High school or GED,0,Yes,Yes,No,No,Somewhat Agree,Strongly Agree,Strongly Agree,Somewhat Agree,Strongly Agree,Somewhat Disagree,Strongly Agree,Somewhat Agree,Strongly Disagree,Strongly Disagree,Somewhat Agree,Somewhat Agree,Somewhat Agree,I do not remember,"Yes, for LSC100, J345, J658, or LSC 675",Human-stimulus
2022-11-15 19:49:17,2022-11-15 19:51:57,IP Address,12.185.151.20,100,160,True,2022-11-15 19:51:58,R_2ZWz1WsWRK0KRYO,,,,,43.0812,-89.3845,anonymous,EN,"Yes, I agree",18-24,Man,,No,Asian,,High school or GED,0,Prefer not to disclose,Yes,No,No,Somewhat Agree,Somewhat Agree,Neither Agree nor Disagree,Somewhat Agree,Somewhat Agree,Somewhat Agree,Somewhat Agree,Somewhat Disagree,Neither Agree nor Disagree,Neither Agree nor Disagree,Somewhat Agree,Neither Agree nor Disagree,Neither Agree nor Disagree,I do not remember,"Yes, for LSC100, J345, J658, or LSC 675",AI-stimulus
2022-11-15 19:51:48,2022-11-15 19:56:01,IP Address,72.33.2.212,100,252,True,2022-11-15 19:56:01,R_3oyxvG5imnvqDFP,,,,,43.0812,-89.3845,anonymous,EN,"Yes, I agree",18-24,Man,,No,White,,High school or GED,1-2,Yes,Yes,No,Yes,Somewhat Agree,Neither Agree nor Disagree,Somewhat Agree,Somewhat Agree,Somewhat Agree,Strongly Agree,Strongly Agree,Somewhat Agree,Somewhat Disagree,Somewhat Agree,Neither Agree nor Disagree,Neither Agree nor Disagree,Somewhat Agree,"Blake Miller, a journalist from the Williamsburg Gazette","Yes, for LSC100, J345, J658, or LSC 675",Human-stimulus
2022-11-15 10:07:38,2022-11-15 20:44:10,IP Address,72.33.2.187,100,38191,True,2022-11-15 20:44:10,R_25T6ZGiHKDBWJg7,,,,,43.0812,-89.3845,anonymous,EN,"Yes, I agree",18-24,Man,,No,Asian,,High school or GED,1-2,Prefer not to disclose,Yes,No,No,Strongly Agree,Somewhat Agree,Strongly Agree,Somewhat Agree,Somewhat Agree,Strongly Agree,Strongly Agree,Neither Agree nor Disagree,Neither Agree nor Disagree,Somewhat Disagree,Neither Agree nor Disagree,Neither Agree nor Disagree,Neither Agree nor Disagree,"Heliograf, the Williamsburg Gazette's AI journalist","Yes, for LSC100, J345, J658, or LSC 675",AI-stimulus
2022-11-15 21:29:23,2022-11-15 21:31:25,IP Address,72.33.2.37,100,122,True,2022-11-15 21:31:25,R_1dnrcE1mZUH2TNt,,,,,43.0812,-89.3845,anonymous,EN,"Yes, I agree",18-24,Man,,No,Asian,,High school or GED,0,Yes,No,No,No,Neither Agree nor Disagree,Somewhat Agree,Strongly Disagree,Strongly Agree,Somewhat Agree,Somewhat Agree,Somewhat Agree,Somewhat Agree,Neither Agree nor Disagree,Neither Agree nor Disagree,Neither Agree nor Disagree,Somewhat Agree,Somewhat Agree,"Blake Miller, a journalist from the Williamsburg Gazette","Yes, for LSC100, J345, J658, or LSC 675",Human-stimulus
2022-11-15 22:08:59,2022-11-15 22:12:38,IP Address,50.93.222.82,100,218,True,2022-11-15 22:12:38,R_1KeaMEx7wrITcbF,,,,,43.064,-89.3965,anonymous,EN,"Yes, I agree",18-24,Man,,No,Asian,,High school or GED,1-2,No,Yes,No,No,Somewhat Agree,Neither Agree nor Disagree,Neither Agree nor Disagree,Somewhat Agree,Strongly Agree,Somewhat Agree,Somewhat Disagree,Somewhat Agree,Neither Agree nor Disagree,Somewhat Agree,Neither Agree nor Disagree,Somewhat Agree,Somewhat Agree,I do not remember,"Yes, for LSC100, J345, J658, or LSC 675",Human-stimulus
2022-11-15 22:19:08,2022-11-15 22:22:32,IP Address,72.33.2.251,100,203,True,2022-11-15 22:22:32,R_eD5sdqzkS5riam5,,,,,43.0812,-89.3845,anonymous,EN,"Yes, I agree",18-24,Man,,No,White,,High school or GED,0,Yes,Yes,No,Yes,Somewhat Agree,Somewhat Agree,Somewhat Disagree,Somewhat Agree,Neither Agree nor Disagree,Strongly Agree,Neither Agree nor Disagree,Strongly Agree,Somewhat Disagree,Strongly Disagree,Neither Agree nor Disagree,Somewhat Agree,Strongly Agree,"Heliograf, the Williamsburg Gazette's AI journalist","Yes, for LSC100, J345, J658, or LSC 675",AI-stimulus
2022-11-16 10:10:45,2022-11-16 10:16:43,IP Address,72.33.2.161,100,357,True,2022-11-16 10:16:43,R_3LcJppf3rHxTzmz,,,,,43.0812,-89.3845,anonymous,EN,"Yes, I agree",18-24,Man,,No,Asian,,Bachelors or 4 yr equivalent,1-2,No,Yes,Not Sure,Yes,Strongly Agree,Neither Agree nor Disagree,Neither Agree nor Disagree,Strongly Agree,Strongly Agree,Strongly Agree,Strongly Agree,Strongly Agree,Strongly Agree,Somewhat Agree,Strongly Agree,Neither Agree nor Disagree,Strongly Agree,"Heliograf, the Williamsburg Gazette's AI journalist","Yes, for LSC100, J345, J658, or LSC 675",Human-stimulus
2022-11-16 14:27:45,2022-11-16 14:32:16,IP Address,72.33.2.236,100,271,True,2022-11-16 14:32:18,R_3O2FQg3b7FCxpzf,,,,,43.0812,-89.3845,anonymous,EN,"Yes, I agree",18-24,Man,,No,White,,High school or GED,1-2,No,No,No,Yes,Strongly Agree,Strongly Agree,Neither Agree nor Disagree,Somewhat Agree,Strongly Agree,Strongly Agree,Strongly Agree,Strongly Agree,Somewhat Disagree,Somewhat Disagree,Somewhat Agree,Strongly Agree,Strongly Agree,I do not remember,"Yes, for LSC100, J345, J658, or LSC 675",AI-stimulus
2022-11-16 20:34:18,2022-11-16 20:37:36,IP Address,50.93.222.64,100,197,True,2022-11-16 20:37:37,R_6sMzOuCAsFML5RL,,,,,43.0812,-89.3845,anonymous,EN,"Yes, I agree",18-24,Woman,,No,White,,High school or GED,1-2,Yes,Yes,No,Not Sure,Somewhat Agree,Somewhat Agree,Strongly Agree,Somewhat Agree,Somewhat Disagree,Strongly Agree,Strongly Agree,Somewhat Agree,Somewhat Agree,Neither Agree nor Disagree,Somewhat Agree,Somewhat Agree,Somewhat Agree,"Blake Miller, a journalist from the Williamsburg Gazette","Yes, for LSC100, J345, J658, or LSC 675",Human-stimulus
2022-11-16 20:32:16,2022-11-16 20:37:48,IP Address,147.219.205.57,100,331,True,2022-11-16 20:37:48,R_CePEDSZM0wrxenf,,,,,43.1205,-89.3523,anonymous,EN,"Yes, I agree",18-24,Man,,No,White,,Bachelors or 4 yr equivalent,3+,Yes,Yes,Yes,Yes,Somewhat Agree,Somewhat Agree,Strongly Agree,Strongly Agree,Somewhat Disagree,Somewhat Agree,Strongly Agree,Somewhat Agree,Somewhat Disagree,Somewhat Disagree,Strongly Agree,Strongly Agree,Strongly Agree,"Heliograf, the Williamsburg Gazette's AI journalist","Yes, for LSC100, J345, J658, or LSC 675",AI-stimulus
2022-11-16 20:35:01,2022-11-16 20:38:24,IP Address,72.33.2.98,100,202,True,2022-11-16 20:38:24,R_3sb3FPJwdn7BnKZ,,,,,43.0812,-89.3845,anonymous,EN,"Yes, I agree",18-24,Woman,,No,White,,High school or GED,1-2,Yes,Yes,Not Sure,Not Sure,Strongly Agree,Somewhat Agree,Somewhat Agree,Strongly Agree,Somewhat Agree,Strongly Agree,Somewhat Agree,Somewhat Agree,Somewhat Disagree,Somewhat Disagree,Neither Agree nor Disagree,Somewhat Agree,Somewhat Agree,I do not remember,"Yes, for LSC100, J345, J658, or LSC 675",Human-stimulus
2022-11-16 20:32:21,2022-11-16 20:38:34,IP Address,198.232.126.104,100,372,True,2022-11-16 20:38:35,R_3Ky035GP6lOlkTs,,,,,43.0812,-89.3845,anonymous,EN,"Yes, I agree",18-24,Man,,No,White,,High school or GED,1-2,Yes,No,No,No,Somewhat Agree,Somewhat Agree,Neither Agree nor Disagree,Somewhat Agree,Neither Agree nor Disagree,Strongly Agree,Strongly Agree,Somewhat Agree,Neither Agree nor Disagree,Somewhat Disagree,Somewhat Disagree,Neither Agree nor Disagree,Neither Agree nor Disagree,I do not remember,"Yes, for LSC100, J345, J658, or LSC 675",AI-stimulus
2022-11-16 20:40:52,2022-11-16 20:44:04,IP Address,68.113.249.232,100,191,True,2022-11-16 20:44:04,R_27B8wh3IY6ZwQMT,,,,,43.0812,-89.3845,anonymous,EN,"Yes, I agree",18-24,Woman,,No,White,,High school or GED,1-2,Yes,Yes,No,No,Neither Agree nor Disagree,Neither Agree nor Disagree,Somewhat Agree,Somewhat Agree,Somewhat Agree,Strongly Agree,Strongly Agree,Somewhat Agree,Neither Agree nor Disagree,Somewhat Disagree,Neither Agree nor Disagree,Neither Agree nor Disagree,Somewhat Agree,I do not remember,"Yes, for LSC100, J345, J658, or LSC 675",AI-stimulus
2022-11-16 20:57:05,2022-11-16 20:59:25,IP Address,131.93.247.128,100,139,True,2022-11-16 20:59:25,R_1qalLVMTeraBi9g,,,,,43.0344,-89.5007,anonymous,EN,"Yes, I agree",18-24,Woman,,No,White,,Bachelors or 4 yr equivalent,3+,Yes,Yes,No,No,Somewhat Agree,Strongly Agree,Neither Agree nor Disagree,Neither Agree nor Disagree,Somewhat Disagree,Strongly Agree,Strongly Agree,Somewhat Agree,Somewhat Agree,Strongly Disagree,Neither Agree nor Disagree,Somewhat Agree,Somewhat Agree,I do not remember,"Yes, for LSC100, J345, J658, or LSC 675",Human-stimulus
2022-11-16 22:25:18,2022-11-16 22:33:26,IP Address,198.232.126.112,100,487,True,2022-11-16 22:33:26,R_3nfmjbhW2XhKjOZ,,,,,43.0812,-89.3845,anonymous,EN,"Yes, I agree",18-24,Woman,,No,White,,High school or GED,1-2,Yes,Yes,No,Yes,Strongly Agree,Strongly Agree,Strongly Agree,Strongly Agree,Somewhat Agree,Strongly Agree,Somewhat Agree,Strongly Agree,Neither Agree nor Disagree,Somewhat Agree,Somewhat Agree,Neither Agree nor Disagree,Somewhat Agree,"Heliograf, the Williamsburg Gazette's AI journalist","Yes, for LSC100, J345, J658, or LSC 675",AI-stimulus
2022-11-17 08:26:44,2022-11-17 08:33:46,IP Address,72.33.2.224,100,421,True,2022-11-17 08:33:46,R_2bZRqaqhLtWk3pT,,,,,43.0812,-89.3845,anonymous,EN,"Yes, I agree",18-24,Woman,,No,White,,High school or GED,1-2,Yes,Yes,No,Yes,Somewhat Agree,Somewhat Disagree,Somewhat Agree,Somewhat Agree,Strongly Agree,Strongly Agree,Strongly Agree,Somewhat Agree,Somewhat Agree,Somewhat Agree,Somewhat Disagree,Neither Agree nor Disagree,Somewhat Agree,"Blake Miller, a journalist from the Williamsburg Gazette","Yes, for LSC100, J345, J658, or LSC 675",Human-stimulus
2022-11-17 08:25:48,2022-11-17 08:33:50,IP Address,172.220.6.191,100,482,True,2022-11-17 08:33:51,R_vMQfxN4YPrQktRT,,,,,43.0812,-89.3845,anonymous,EN,"Yes, I agree",18-24,Woman,,No,White,,High school or GED,0,Yes,Yes,No,Not Sure,Somewhat Agree,Somewhat Disagree,Somewhat Agree,Somewhat Agree,Neither Agree nor Disagree,Strongly Agree,Strongly Agree,Somewhat Agree,Strongly Agree,Somewhat Disagree,Somewhat Disagree,Somewhat Disagree,Somewhat Disagree,"Blake Miller, a journalist from the Williamsburg Gazette","Yes, for LSC100, J345, J658, or LSC 675",Human-stimulus
2022-11-17 08:31:03,2022-11-17 08:43:45,IP Address,72.33.2.190,100,762,True,2022-11-17 08:43:46,R_vksI2CnZuDd8VAR,,,,,43.0812,-89.3845,anonymous,EN,"Yes, I agree",18-24,Woman,,No,White,,High school or GED,1-2,Yes,Yes,No,Yes,Somewhat Agree,Somewhat Disagree,Somewhat Agree,Strongly Agree,Somewhat Disagree,Strongly Agree,Strongly Agree,Neither Agree nor Disagree,Somewhat Disagree,Somewhat Agree,Neither Agree nor Disagree,Somewhat Agree,Somewhat Agree,"Blake Miller, a journalist from the Williamsburg Gazette","Yes, for LSC100, J345, J658, or LSC 675",Human-stimulus
2022-11-17 08:46:09,2022-11-17 08:51:20,IP Address,72.33.2.130,100,310,True,2022-11-17 08:51:20,R_2DTwY21GYTBGcy2,,,,,43.0812,-89.3845,anonymous,EN,"Yes, I agree",18-24,Man,,No,White,,High school or GED,0,Yes,Yes,Not Sure,Yes,Somewhat Agree,Strongly Agree,Neither Agree nor Disagree,Somewhat Agree,Somewhat Agree,Strongly Agree,Strongly Agree,Somewhat Agree,Neither Agree nor Disagree,Somewhat Disagree,Somewhat Disagree,Somewhat Disagree,Somewhat Agree,"Heliograf, the Williamsburg Gazette's AI journalist","No, LSC 560 and all other participants",AI-stimulus
2022-11-17 09:09:27,2022-11-17 09:11:30,IP Address,72.33.0.81,100,123,True,2022-11-17 09:11:31,R_tG4JnZ9haXdz08V,,,,,43.0812,-89.3845,anonymous,EN,"Yes, I agree",18-24,Man,,No,"Asian,White",,High school or GED,3+,No,No,No,No,Somewhat Agree,Neither Agree nor Disagree,Neither Agree nor Disagree,Somewhat Agree,Somewhat Agree,Strongly Agree,Strongly Agree,Somewhat Agree,Neither Agree nor Disagree,Neither Agree nor Disagree,Neither Agree nor Disagree,Neither Agree nor Disagree,Somewhat Agree,I do not remember,"Yes, for LSC100, J345, J658, or LSC 675",AI-stimulus
2022-11-17 09:09:03,2022-11-17 09:12:57,IP Address,72.33.2.155,100,234,True,2022-11-17 09:12:59,R_1isuD50nfAmHV3E,,,,,43.0812,-89.3845,anonymous,EN,"Yes, I agree",18-24,Woman,,No,White,,High school or GED,3+,Yes,Not Sure,No,No,Somewhat Agree,Somewhat Agree,Somewhat Agree,Somewhat Agree,Somewhat Agree,Strongly Agree,Strongly Agree,Somewhat Agree,Somewhat Disagree,Neither Agree nor Disagree,Somewhat Agree,Somewhat Agree,Somewhat Agree,I do not remember,"Yes, for LSC100, J345, J658, or LSC 675",AI-stimulus
2022-11-17 09:10:13,2022-11-17 09:13:58,IP Address,68.112.185.46,100,224,True,2022-11-17 09:13:58,R_30dZklo4qcssCKj,,,,,43.0812,-89.3845,anonymous,EN,"Yes, I agree",18-24,Non-binary / third gender,,No,White,,High school or GED,0,Yes,No,No,No,Neither Agree nor Disagree,Neither Agree nor Disagree,Somewhat Agree,Somewhat Agree,Somewhat Disagree,Strongly Agree,Strongly Agree,Somewhat Disagree,Strongly Disagree,Somewhat Disagree,Somewhat Disagree,Somewhat Agree,Somewhat Agree,"Blake Miller, a journalist from the Williamsburg Gazette","Yes, for LSC100, J345, J658, or LSC 675",Human-stimulus
2022-11-17 09:11:09,2022-11-17 09:14:49,IP Address,72.33.2.168,100,220,True,2022-11-17 09:14:50,R_3JJVEIPgumt7IG7,,,,,43.0812,-89.3845,anonymous,EN,"Yes, I agree",18-24,Man,,No,White,,High school or GED,1-2,Yes,Yes,No,No,Neither Agree nor Disagree,Somewhat Agree,Somewhat Disagree,Somewhat Agree,Strongly Agree,Strongly Agree,Somewhat Agree,Somewhat Disagree,Somewhat Agree,Neither Agree nor Disagree,Somewhat Agree,Strongly Agree,Strongly Agree,I do not remember,"Yes, for LSC100, J345, J658, or LSC 675",AI-stimulus
2022-11-17 09:09:17,2022-11-17 09:16:01,IP Address,75.6.177.139,100,404,True,2022-11-17 09:16:01,R_1QEDqQZBfrt0a9k,,,,,43.0812,-89.3845,anonymous,EN,"Yes, I agree",18-24,Woman,,No,Asian,,High school or GED,1-2,Yes,Yes,Not Sure,No,Somewhat Agree,Somewhat Agree,Somewhat Agree,Strongly Agree,Somewhat Agree,Strongly Agree,Strongly Agree,Somewhat Agree,Neither Agree nor Disagree,Somewhat Agree,Neither Agree nor Disagree,Neither Agree nor Disagree,Somewhat Agree,I do not remember,"Yes, for LSC100, J345, J658, or LSC 675",AI-stimulus
2022-11-17 09:38:56,2022-11-17 09:42:35,IP Address,72.33.2.62,100,219,True,2022-11-17 09:42:36,R_1JQKckjHcUsIHtl,,,,,43.0812,-89.3845,anonymous,EN,"Yes, I agree",18-24,Woman,,No,White,,Bachelors or 4 yr equivalent,1-2,Yes,Yes,No,No,Somewhat Agree,Somewhat Disagree,Neither Agree nor Disagree,Somewhat Agree,Somewhat Disagree,Strongly Agree,Strongly Agree,Somewhat Agree,Strongly Agree,Somewhat Disagree,Neither Agree nor Disagree,Neither Agree nor Disagree,Neither Agree nor Disagree,I do not remember,"Yes, for LSC100, J345, J658, or LSC 675",AI-stimulus
2022-11-17 09:54:34,2022-11-17 10:09:08,IP Address,72.33.2.113,100,873,True,2022-11-17 10:09:09,R_2WCKlNCbS9hgMUx,,,,,43.0812,-89.3845,anonymous,EN,"Yes, I agree",18-24,Woman,,Yes,,,High school or GED,1-2,Yes,Yes,No,No,Strongly Agree,Strongly Agree,Strongly Agree,Strongly Agree,Somewhat Agree,Strongly Agree,Strongly Agree,Strongly Agree,Somewhat Disagree,Somewhat Agree,Somewhat Agree,Somewhat Agree,Somewhat Agree,"Blake Miller, a journalist from the Williamsburg Gazette","Yes, for LSC100, J345, J658, or LSC 675",Human-stimulus
2022-11-17 10:07:13,2022-11-17 10:10:59,IP Address,72.33.2.104,100,226,True,2022-11-17 10:11:00,R_3QLTSI2jrOzGHJA,,,,,43.0812,-89.3845,anonymous,EN,"Yes, I agree",18-24,Man,,No,Asian,,High school or GED,0,No,Yes,Yes,Yes,Somewhat Agree,Somewhat Agree,Neither Agree nor Disagree,Strongly Agree,Somewhat Agree,Strongly Agree,Strongly Agree,Somewhat Agree,Somewhat Disagree,Somewhat Agree,Neither Agree nor Disagree,Somewhat Agree,Somewhat Agree,I do not remember,"Yes, for LSC100, J345, J658, or LSC 675",Human-stimulus
2022-11-17 10:11:43,2022-11-17 10:16:41,IP Address,72.33.2.21,100,298,True,2022-11-17 10:16:42,R_DDkOZ2620zVYOL7,,,,,43.0812,-89.3845,anonymous,EN,"Yes, I agree",18-24,Woman,,No,White,,High school or GED,1-2,Yes,Yes,No,Yes,Somewhat Agree,Somewhat Agree,Neither Agree nor Disagree,Somewhat Agree,Somewhat Agree,Strongly Agree,Somewhat Agree,Somewhat Agree,Neither Agree nor Disagree,Somewhat Agree,Somewhat Agree,Strongly Agree,Somewhat Agree,I do not remember,"Yes, for LSC100, J345, J658, or LSC 675",AI-stimulus
2022-11-10 10:53:47,2022-11-10 10:54:31,IP Address,184.105.52.169,48,43,False,2022-11-17 10:55:04,R_A59eLfqssQUIjrb,,,,,,,anonymous,EN,"Yes, I agree",25-34,Man,,No,White,,Bachelors or 4 yr equivalent,1-2,Yes,Yes,No,No,,,,,,,,,,,,,,,,AI-stimulus
2022-11-17 10:50:43,2022-11-17 10:57:14,IP Address,72.33.2.171,100,391,True,2022-11-17 10:57:14,R_4HJUCpyTfXyNS4V,,,,,43.0812,-89.3845,anonymous,EN,"Yes, I agree",18-24,Man,,No,"American Indian or Alaska Native; ",,High school or GED,1-2,Yes,No,No,No,Somewhat Agree,Somewhat Agree,Somewhat Disagree,Somewhat Agree,Somewhat Agree,Somewhat Agree,Somewhat Agree,Somewhat Agree,Somewhat Disagree,Somewhat Disagree,Neither Agree nor Disagree,Neither Agree nor Disagree,Neither Agree nor Disagree,"Blake Miller, a journalist from the Williamsburg Gazette","Yes, for LSC100, J345, J658, or LSC 675",Human-stimulus
2022-11-17 11:01:32,2022-11-17 11:04:33,IP Address,172.220.73.112,100,180,True,2022-11-17 11:04:33,R_1msjNxXwZyi7QWk,,,,,43.1205,-89.3523,anonymous,EN,"Yes, I agree",18-24,Man,,No,Asian,,High school or GED,0,Yes,Yes,No,Yes,Somewhat Agree,Neither Agree nor Disagree,Somewhat Disagree,Somewhat Agree,Somewhat Disagree,Strongly Agree,Strongly Agree,Neither Agree nor Disagree,Neither Agree nor Disagree,Somewhat Agree,Neither Agree nor Disagree,Neither Agree nor Disagree,Neither Agree nor Disagree,I do not remember,"Yes, for LSC100, J345, J658, or LSC 675",Human-stimulus
2022-11-10 11:06:04,2022-11-10 11:06:35,IP Address,104.55.43.155,67,31,False,2022-11-17 11:07:42,R_1Q6JF1568oha4m7,,,,,,,anonymous,EN,"Yes, I agree",18-24,Man,,No,Asian,,Bachelors or 4 yr equivalent,1-2,Yes,Yes,Yes,No,,,,,,,,,,,,,,,,QID22
2022-11-10 11:04:59,2022-11-10 11:05:36,IP Address,104.55.43.155,33,37,False,2022-11-17 11:09:25,R_2XoFIkcqxtFXD8l,,,,,,,anonymous,EN,"Yes, I agree",18-24,Man,,No,Asian,,Masters,,,,,,,,,,,,,,,,,,,,,
2022-11-17 11:18:10,2022-11-17 11:20:41,IP Address,72.33.2.121,100,151,True,2022-11-17 11:20:42,R_3h9DK6SkouVYMsm,,,,,43.0812,-89.3845,anonymous,EN,"Yes, I agree",18-24,Man,,No,White,,High school or GED,1-2,Yes,Yes,Yes,Yes,Neither Agree nor Disagree,Somewhat Disagree,Somewhat Disagree,Somewhat Agree,Somewhat Disagree,Strongly Agree,Somewhat Agree,Somewhat Agree,Somewhat Disagree,Neither Agree nor Disagree,Neither Agree nor Disagree,Strongly Disagree,,I do not remember,"Yes, for LSC100, J345, J658, or LSC 675",AI-stimulus
2022-11-10 11:20:22,2022-11-10 11:26:04,IP Address,104.55.43.155,68,341,False,2022-11-17 11:26:06,R_DkEUv0As2UXtG2l,,,,,,,anonymous,EN,"Yes, I agree",18-24,Man,,No,Asian,,Bachelors or 4 yr equivalent,1-2,Yes,Yes,Yes,No,Somewhat Agree,Somewhat Agree,Neither Agree nor Disagree,Somewhat Agree,Neither Agree nor Disagree,,,,,,,,,,,Human-stimulus
2022-11-17 11:50:30,2022-11-17 11:52:38,IP Address,72.33.2.85,100,128,True,2022-11-17 11:52:39,R_3n2gZHEIePsurN1,,,,,43.0812,-89.3845,anonymous,EN,"Yes, I agree",18-24,Man,,No,Asian,,High school or GED,0,Yes,Yes,Not Sure,Yes,Neither Agree nor Disagree,Somewhat Disagree,Neither Agree nor Disagree,Somewhat Agree,Somewhat Disagree,Somewhat Agree,Strongly Agree,Somewhat Agree,Somewhat Disagree,Neither Agree nor Disagree,Neither Agree nor Disagree,Somewhat Agree,Somewhat Agree,I do not remember,"Yes, for LSC100, J345, J658, or LSC 675",AI-stimulus
2022-11-17 11:48:57,2022-11-17 11:52:42,IP Address,68.185.162.131,100,224,True,2022-11-17 11:52:42,R_pozg5PicH0XdwRz,,,,,43.0684,-89.4293,anonymous,EN,"Yes, I agree",18-24,Woman,,No,White,,High school or GED,0,Yes,No,No,No,Neither Agree nor Disagree,Neither Agree nor Disagree,Somewhat Disagree,Somewhat Agree,Neither Agree nor Disagree,Somewhat Agree,Somewhat Agree,Somewhat Agree,Somewhat Agree,Neither Agree nor Disagree,Neither Agree nor Disagree,Neither Agree nor Disagree,Somewhat Agree,I do not remember,"Yes, for LSC100, J345, J658, or LSC 675",Human-stimulus
2022-11-17 13:15:52,2022-11-17 13:19:31,IP Address,72.33.2.250,100,218,True,2022-11-17 13:19:31,R_3HXE6SfDFAQ3JG4,,,,,43.0812,-89.3845,anonymous,EN,"Yes, I agree",18-24,Man,,No,White,,High school or GED,0,Yes,No,No,No,Somewhat Agree,Neither Agree nor Disagree,Somewhat Disagree,Strongly Agree,Neither Agree nor Disagree,Strongly Agree,Neither Agree nor Disagree,Somewhat Agree,Neither Agree nor Disagree,Somewhat Agree,Neither Agree nor Disagree,Somewhat Agree,Somewhat Agree,I do not remember,"Yes, for LSC100, J345, J658, or LSC 675",AI-stimulus
2022-11-17 13:21:16,2022-11-17 13:23:52,IP Address,72.33.2.126,100,155,True,2022-11-17 13:23:52,R_1Q3f1Yb3PCOG8il,,,,,43.0812,-89.3845,anonymous,EN,"Yes, I agree",18-24,Woman,,No,White,,High school or GED,1-2,Yes,Yes,No,No,Somewhat Disagree,Somewhat Disagree,Somewhat Agree,Somewhat Disagree,Somewhat Agree,Strongly Agree,Strongly Agree,Somewhat Disagree,Somewhat Agree,Neither Agree nor Disagree,Somewhat Disagree,Neither Agree nor Disagree,Neither Agree nor Disagree,"Heliograf, the Williamsburg Gazette's AI journalist","Yes, for LSC100, J345, J658, or LSC 675",AI-stimulus
2022-11-17 13:04:04,2022-11-17 13:23:53,IP Address,72.33.2.105,100,1189,True,2022-11-17 13:23:54,R_bau6fjpJsSbUhmV,,,,,43.0812,-89.3845,anonymous,EN,"Yes, I agree",18-24,Woman,,No,White,,High school or GED,1-2,No,No,No,No,Somewhat Agree,Somewhat Agree,Neither Agree nor Disagree,Somewhat Agree,Somewhat Agree,Somewhat Agree,Somewhat Agree,Somewhat Agree,Somewhat Disagree,Somewhat Disagree,Neither Agree nor Disagree,Neither Agree nor Disagree,Neither Agree nor Disagree,I do not remember,"Yes, for LSC100, J345, J658, or LSC 675",AI-stimulus
2022-11-17 13:24:48,2022-11-17 13:27:07,IP Address,72.33.2.183,100,138,True,2022-11-17 13:27:07,R_2VedETT3G3cOj0U,,,,,43.0812,-89.3845,anonymous,EN,"Yes, I agree",18-24,Woman,,No,White,,High school or GED,1-2,Yes,Yes,No,Yes,Somewhat Agree,Somewhat Agree,Neither Agree nor Disagree,Somewhat Agree,Somewhat Agree,Strongly Agree,Somewhat Agree,Somewhat Agree,Neither Agree nor Disagree,Neither Agree nor Disagree,Somewhat Agree,Neither Agree nor Disagree,Neither Agree nor Disagree,I do not remember,"Yes, for LSC100, J345, J658, or LSC 675",Human-stimulus
2022-11-17 13:48:53,2022-11-17 13:51:41,IP Address,198.232.126.101,100,168,True,2022-11-17 13:51:42,R_3gbZRKKQdkdMW6l,,,,,43.0812,-89.3845,anonymous,EN,"Yes, I agree",18-24,Woman,,No,White,,High school or GED,1-2,Yes,Yes,No,Yes,Somewhat Agree,Somewhat Agree,Somewhat Agree,Somewhat Agree,Strongly Agree,Somewhat Agree,Somewhat Agree,Strongly Agree,Neither Agree nor Disagree,Neither Agree nor Disagree,Somewhat Agree,Somewhat Agree,Somewhat Agree,I do not remember,"Yes, for LSC100, J345, J658, or LSC 675",AI-stimulus
2022-11-17 13:52:36,2022-11-17 13:54:30,IP Address,72.33.2.102,100,114,True,2022-11-17 13:54:31,R_25uVa5CaXY04coj,,,,,43.0812,-89.3845,anonymous,EN,"Yes, I agree",18-24,Man,,No,"Asian,White",,High school or GED,0,Yes,Yes,No,Yes,Somewhat Agree,Somewhat Disagree,Somewhat Agree,Strongly Agree,Somewhat Agree,Strongly Agree,Strongly Agree,Somewhat Agree,Somewhat Disagree,Strongly Agree,Somewhat Agree,Somewhat Agree,Somewhat Agree,"Blake Miller, a journalist from the Williamsburg Gazette","Yes, for LSC100, J345, J658, or LSC 675",AI-stimulus
2022-11-17 14:01:26,2022-11-17 14:06:02,IP Address,72.33.2.103,100,276,True,2022-11-17 14:06:02,R_3jv7GxnaFzR0W1H,,,,,43.0812,-89.3845,anonymous,EN,"Yes, I agree",18-24,Woman,,No,White,,High school or GED,1-2,Yes,Yes,Not Sure,Yes,Somewhat Agree,Neither Agree nor Disagree,Neither Agree nor Disagree,Somewhat Disagree,Somewhat Agree,Strongly Agree,Somewhat Agree,Neither Agree nor Disagree,Neither Agree nor Disagree,Somewhat Agree,Neither Agree nor Disagree,Somewhat Agree,Neither Agree nor Disagree,"Heliograf, the Williamsburg Gazette's AI journalist","Yes, for LSC100, J345, J658, or LSC 675",AI-stimulus
2022-11-17 15:32:33,2022-11-17 15:40:43,IP Address,107.115.239.134,100,489,True,2022-11-17 15:40:43,R_3OkRsvC2IKvkyMV,,,,,39.7388,-104.9868,anonymous,EN,"Yes, I agree",35-44,Woman,,No,Asian,,Masters,1-2,Yes,Yes,No,Yes,Strongly Agree,Strongly Agree,Strongly Agree,Strongly Agree,Strongly Agree,Strongly Agree,Strongly Agree,Somewhat Agree,Strongly Disagree,Strongly Agree,Strongly Agree,Strongly Agree,Strongly Agree,"Blake Miller, a journalist from the Williamsburg Gazette","Yes, for LSC100, J345, J658, or LSC 675",Human-stimulus
2022-11-10 15:42:54,2022-11-10 15:43:39,IP Address,98.61.186.225,53,45,False,2022-11-17 15:43:40,R_27wlafrh2Ly5KFq,,,,,,,anonymous,EN,"Yes, I agree",25-34,Man,,No,White,,Bachelors or 4 yr equivalent,1-2,Yes,Yes,No,No,,,,,,,,,,,,,,,,Human-stimulus
2022-11-17 15:55:39,2022-11-17 15:58:26,IP Address,154.6.85.10,100,166,True,2022-11-17 15:58:26,R_1jDvbAHjQWDWqwa,,,,,39.7684,-86.158,anonymous,EN,"Yes, I agree",18-24,Man,,No,White,,High school or GED,0,Yes,No,No,No,Neither Agree nor Disagree,Somewhat Disagree,Somewhat Agree,Somewhat Agree,Somewhat Agree,Strongly Agree,Somewhat Agree,Somewhat Agree,Somewhat Disagree,Somewhat Agree,Neither Agree nor Disagree,Neither Agree nor Disagree,Somewhat Agree,I do not remember,"Yes, for LSC100, J345, J658, or LSC 675",Human-stimulus
2022-11-17 15:58:54,2022-11-17 16:00:55,IP Address,172.56.13.18,100,121,True,2022-11-17 16:00:56,R_3OlF7xKTztCPsVX,,,,,37.751,-97.822,anonymous,EN,"Yes, I agree",18-24,Woman,,No,White,,High school or GED,1-2,No,Not Sure,Not Sure,Not Sure,Somewhat Agree,Somewhat Agree,Somewhat Agree,Somewhat Agree,Somewhat Agree,Strongly Agree,Strongly Agree,Somewhat Agree,Neither Agree nor Disagree,Strongly Agree,Neither Agree nor Disagree,Somewhat Agree,Somewhat Agree,"Blake Miller, a journalist from the Williamsburg Gazette","Yes, for LSC100, J345, J658, or LSC 675",Human-stimulus
2022-11-16 20:36:47,2022-11-17 16:43:20,IP Address,65.195.243.194,100,72393,True,2022-11-17 16:43:21,R_2dfQ3BTZZwQtHTd,,,,,43.067,-87.9682,anonymous,EN,"Yes, I agree",18-24,Woman,,No,White,,High school or GED,0,Yes,Yes,No,Yes,Somewhat Agree,Somewhat Agree,Strongly Agree,Strongly Agree,Strongly Agree,Strongly Agree,Somewhat Agree,Somewhat Agree,Somewhat Agree,Neither Agree nor Disagree,Somewhat Agree,Somewhat Disagree,Somewhat Disagree,I do not remember,"No, LSC 560 and all other participants",AI-stimulus
2022-11-17 17:00:32,2022-11-17 17:06:04,IP Address,174.192.141.193,100,331,True,2022-11-17 17:06:04,R_09C9iqjarGjJtYZ,,,,,42.1212,-87.8405,anonymous,EN,"Yes, I agree",18-24,Woman,,No,Asian,,High school or GED,0,Yes,Yes,No,No,Somewhat Agree,Somewhat Agree,Neither Agree nor Disagree,Somewhat Agree,Somewhat Agree,Strongly Agree,Strongly Agree,Somewhat Agree,Neither Agree nor Disagree,Somewhat Disagree,Neither Agree nor Disagree,Somewhat Agree,Somewhat Agree,"Blake Miller, a journalist from the Williamsburg Gazette","Yes, for LSC100, J345, J658, or LSC 675",Human-stimulus
2022-11-17 17:05:51,2022-11-17 17:08:13,IP Address,72.33.2.245,100,142,True,2022-11-17 17:08:13,R_rpt4Z0YPUPA6r3H,,,,,43.0812,-89.3845,anonymous,EN,"Yes, I agree",18-24,Man,,No,White,,High school or GED,1-2,Yes,Yes,No,Yes,Somewhat Agree,Somewhat Agree,Neither Agree nor Disagree,Somewhat Agree,Strongly Agree,Strongly Agree,Somewhat Agree,Somewhat Agree,Neither Agree nor Disagree,Somewhat Agree,Somewhat Agree,Somewhat Agree,Somewhat Agree,"Blake Miller, a journalist from the Williamsburg Gazette","Yes, for LSC100, J345, J658, or LSC 675",Human-stimulus
2022-11-17 18:20:53,2022-11-17 18:25:02,IP Address,72.33.2.106,100,248,True,2022-11-17 18:25:02,R_3GvKhubImiYhbf6,,,,,43.0812,-89.3845,anonymous,EN,"Yes, I agree",18-24,Man,,No,Asian,,High school or GED,3+,No,Yes,No,No,Somewhat Agree,Somewhat Agree,Somewhat Disagree,Strongly Agree,Strongly Disagree,Strongly Agree,Somewhat Agree,Somewhat Agree,Neither Agree nor Disagree,Somewhat Agree,Neither Agree nor Disagree,Neither Agree nor Disagree,Somewhat Agree,"Heliograf, the Williamsburg Gazette's AI journalist","Yes, for LSC100, J345, J658, or LSC 675",AI-stimulus
2022-11-17 18:23:45,2022-11-17 18:26:31,IP Address,107.119.41.79,100,166,True,2022-11-17 18:26:32,R_Rah1ulQuzjBg317,,,,,39.6757,-86.0694,anonymous,EN,"Yes, I agree",25-34,Woman,,No,White,,Bachelors or 4 yr equivalent,1-2,Yes,Yes,No,Yes,Strongly Agree,Strongly Disagree,Somewhat Agree,Strongly Agree,Strongly Agree,Strongly Agree,Strongly Agree,Strongly Agree,Neither Agree nor Disagree,Strongly Agree,,Strongly Agree,Strongly Agree,I do not remember,"No, LSC 560 and all other participants",AI-stimulus
2022-11-17 18:25:23,2022-11-17 18:31:21,IP Address,72.33.2.18,100,358,True,2022-11-17 18:31:22,R_2rwvLJ75TPRiGKl,,,,,43.0812,-89.3845,anonymous,EN,"Yes, I agree",18-24,Woman,,No,Asian,,High school or GED,0,Yes,Yes,Not Sure,Yes,Somewhat Agree,Strongly Agree,Somewhat Agree,Neither Agree nor Disagree,Somewhat Disagree,Strongly Agree,Strongly Agree,Neither Agree nor Disagree,Neither Agree nor Disagree,Neither Agree nor Disagree,Neither Agree nor Disagree,Neither Agree nor Disagree,Neither Agree nor Disagree,I do not remember,"Yes, for LSC100, J345, J658, or LSC 675",Human-stimulus
2022-11-17 18:34:08,2022-11-17 18:39:13,IP Address,184.60.24.189,100,304,True,2022-11-17 18:39:13,R_1DNDywMMaSGLyXe,,,,,43.103,-89.5073,anonymous,EN,"Yes, I agree",18-24,Woman,,No,White,,Bachelors or 4 yr equivalent,1-2,Yes,Yes,Yes,No,Somewhat Disagree,Somewhat Disagree,Somewhat Agree,Strongly Disagree,Strongly Disagree,Neither Agree nor Disagree,Somewhat Disagree,Strongly Disagree,Somewhat Agree,Strongly Disagree,Neither Agree nor Disagree,Somewhat Disagree,Strongly Disagree,I do not remember,"No, LSC 560 and all other participants",AI-stimulus
2022-11-17 19:17:55,2022-11-17 19:20:30,IP Address,72.33.2.146,100,154,True,2022-11-17 19:20:30,R_24us8JJx6m70UmK,,,,,43.0812,-89.3845,anonymous,EN,"Yes, I agree",18-24,Woman,,No,White,,High school or GED,0,Yes,No,No,No,Somewhat Agree,Somewhat Disagree,Somewhat Agree,Somewhat Agree,Somewhat Disagree,Strongly Agree,Somewhat Agree,Somewhat Agree,Somewhat Agree,Somewhat Disagree,Somewhat Agree,Somewhat Agree,Somewhat Agree,I do not remember,"Yes, for LSC100, J345, J658, or LSC 675",Human-stimulus
2022-11-17 11:14:17,2022-11-17 19:37:21,IP Address,47.41.135.26,100,30183,True,2022-11-17 19:37:21,R_Z8KmKUhzH5wjPrz,,,,,43.0684,-89.4293,anonymous,EN,"Yes, I agree",18-24,Woman,,No,White,,Associates or other 2-yr equivalent,0,Yes,Yes,Yes,Yes,Somewhat Agree,Somewhat Agree,Somewhat Disagree,Somewhat Agree,Strongly Agree,Somewhat Agree,Strongly Agree,Somewhat Agree,Somewhat Disagree,Neither Agree nor Disagree,Neither Agree nor Disagree,Somewhat Agree,Somewhat Agree,"Blake Miller, a journalist from the Williamsburg Gazette","Yes, for LSC100, J345, J658, or LSC 675",Human-stimulus
2022-11-17 19:48:22,2022-11-17 19:50:48,IP Address,144.92.112.176,100,146,True,2022-11-17 19:50:49,R_2CrGq7vJaAv5YSx,,,,,43.0334,-89.4512,anonymous,EN,"Yes, I agree",18-24,Woman,,No,White,,Bachelors or 4 yr equivalent,3+,Yes,Yes,No,Yes,Somewhat Agree,Somewhat Agree,Somewhat Disagree,Somewhat Agree,Somewhat Agree,Strongly Agree,Strongly Agree,Somewhat Agree,Somewhat Disagree,Somewhat Agree,Somewhat Agree,Somewhat Agree,Somewhat Agree,"Heliograf, the Williamsburg Gazette's AI journalist","Yes, for LSC100, J345, J658, or LSC 675",AI-stimulus
2022-11-17 19:49:08,2022-11-17 19:55:19,IP Address,35.148.42.126,100,371,True,2022-11-17 19:55:20,R_vulMbP4nSvYP3xL,,,,,43.0334,-89.4512,anonymous,EN,"Yes, I agree",18-24,Man,,No,Asian,,Bachelors or 4 yr equivalent,1-2,No,Yes,No,No,Somewhat Agree,Somewhat Disagree,Somewhat Agree,Strongly Agree,Neither Agree nor Disagree,Strongly Agree,Neither Agree nor Disagree,Strongly Agree,Somewhat Disagree,Somewhat Disagree,Somewhat Agree,Somewhat Agree,Neither Agree nor Disagree,"Heliograf, the Williamsburg Gazette's AI journalist","Yes, for LSC100, J345, J658, or LSC 675",AI-stimulus
2022-11-17 19:52:52,2022-11-17 19:55:30,IP Address,72.33.2.30,100,157,True,2022-11-17 19:55:30,R_2UVZsDl4PeJNS9e,,,,,43.0812,-89.3845,anonymous,EN,"Yes, I agree",18-24,Man,,No,Asian,,High school or GED,1-2,No,No,No,No,Strongly Agree,Strongly Agree,Strongly Agree,Strongly Agree,Strongly Agree,Strongly Agree,Strongly Agree,Strongly Agree,Strongly Disagree,Strongly Agree,Somewhat Agree,Strongly Agree,Strongly Agree,I do not remember,"No, LSC 560 and all other participants",Human-stimulus
2022-11-17 20:10:11,2022-11-17 20:12:23,IP Address,72.33.2.126,100,132,True,2022-11-17 20:12:23,R_ZjGarj115jcK72V,,,,,43.0812,-89.3845,anonymous,EN,"Yes, I agree",18-24,Man,,No,Other:,,High school or GED,0,Yes,Yes,No,Yes,Somewhat Agree,Neither Agree nor Disagree,Neither Agree nor Disagree,Somewhat Agree,Somewhat Agree,Strongly Agree,Strongly Agree,Somewhat Agree,Neither Agree nor Disagree,Somewhat Agree,Somewhat Agree,Somewhat Agree,Somewhat Agree,"Blake Miller, a journalist from the Williamsburg Gazette","Yes, for LSC100, J345, J658, or LSC 675",Human-stimulus
2022-11-17 20:20:56,2022-11-17 20:28:57,IP Address,72.33.2.34,100,480,True,2022-11-17 20:28:57,R_33l6HKblE4hzezm,,,,,43.0812,-89.3845,anonymous,EN,"Yes, I agree",18-24,Man,,No,White,,High school or GED,0,Yes,Yes,No,Not Sure,Somewhat Agree,Somewhat Disagree,Somewhat Disagree,Strongly Agree,Somewhat Agree,Strongly Agree,Somewhat Agree,Somewhat Agree,Somewhat Disagree,Somewhat Disagree,Neither Agree nor Disagree,Somewhat Agree,Somewhat Agree,I do not remember,"No, LSC 560 and all other participants",Human-stimulus
2022-11-17 21:46:29,2022-11-17 21:49:24,IP Address,72.33.2.118,100,174,True,2022-11-17 21:49:24,R_21zfnvXT4mEQmUe,,,,,43.0812,-89.3845,anonymous,EN,"Yes, I agree",18-24,Woman,,Yes,White,,Bachelors or 4 yr equivalent,1-2,Yes,Yes,No,Yes,Neither Agree nor Disagree,Strongly Disagree,Somewhat Disagree,Somewhat Agree,Somewhat Agree,Strongly Agree,Somewhat Disagree,Neither Agree nor Disagree,Somewhat Disagree,Somewhat Agree,Neither Agree nor Disagree,Somewhat Disagree,Somewhat Agree,I do not remember,"Yes, for LSC100, J345, J658, or LSC 675",AI-stimulus
2022-11-17 09:15:13,2022-11-17 21:59:29,IP Address,72.33.2.93,100,45856,True,2022-11-17 21:59:30,R_2E0NShpHZ92laEP,,,,,43.0812,-89.3845,anonymous,EN,"Yes, I agree",18-24,Woman,,No,Asian,,High school or GED,1-2,Yes,Yes,No,No,Somewhat Agree,Somewhat Agree,Somewhat Disagree,Somewhat Agree,Somewhat Agree,Neither Agree nor Disagree,Neither Agree nor Disagree,Somewhat Agree,Somewhat Disagree,Somewhat Agree,Neither Agree nor Disagree,Neither Agree nor Disagree,Somewhat Agree,"Blake Miller, a journalist from the Williamsburg Gazette","Yes, for LSC100, J345, J658, or LSC 675",AI-stimulus
2022-11-18 08:20:22,2022-11-18 08:22:43,IP Address,72.33.2.22,100,141,True,2022-11-18 08:22:44,R_1n8id5j6die6BQC,,,,,43.0812,-89.3845,anonymous,EN,"Yes, I agree",18-24,Non-binary / third gender,,No,Asian,,High school or GED,1-2,Yes,Yes,No,Yes,Strongly Agree,Somewhat Agree,Strongly Agree,Somewhat Agree,Strongly Agree,Strongly Agree,Strongly Agree,Strongly Agree,Strongly Disagree,Strongly Agree,Strongly Agree,Somewhat Agree,Strongly Agree,"Blake Miller, a journalist from the Williamsburg Gazette","Yes, for LSC100, J345, J658, or LSC 675",Human-stimulus
2022-11-18 07:56:42,2022-11-18 08:22:50,IP Address,72.33.2.142,100,1568,True,2022-11-18 08:22:51,R_3J1JUUSxejxZdtN,,,,,43.0812,-89.3845,anonymous,EN,"Yes, I agree",18-24,Man,,No,Asian,,High school or GED,3+,No,Yes,Yes,No,Somewhat Agree,Somewhat Agree,Somewhat Agree,Somewhat Agree,Somewhat Agree,Strongly Agree,Strongly Agree,Somewhat Agree,Neither Agree nor Disagree,Somewhat Agree,Somewhat Disagree,Somewhat Agree,Somewhat Agree,"Blake Miller, a journalist from the Williamsburg Gazette","Yes, for LSC100, J345, J658, or LSC 675",Human-stimulus
2022-11-18 08:20:38,2022-11-18 08:24:21,IP Address,72.33.2.74,100,223,True,2022-11-18 08:24:22,R_2COFRoHN8O9Il8R,,,,,43.0812,-89.3845,anonymous,EN,"Yes, I agree",18-24,Woman,,No,White,,High school or GED,1-2,Yes,Yes,No,No,Somewhat Agree,Somewhat Agree,Neither Agree nor Disagree,Somewhat Agree,Neither Agree nor Disagree,Strongly Agree,Neither Agree nor Disagree,Neither Agree nor Disagree,Somewhat Agree,Neither Agree nor Disagree,Neither Agree nor Disagree,Neither Agree nor Disagree,Somewhat Agree,I do not remember,"Yes, for LSC100, J345, J658, or LSC 675",Human-stimulus
2022-11-18 08:22:16,2022-11-18 08:25:07,IP Address,72.33.2.121,100,170,True,2022-11-18 08:25:08,R_2v6UhvJ8cag6RgF,,,,,43.0812,-89.3845,anonymous,EN,"Yes, I agree",18-24,Man,,No,Asian,,High school or GED,0,Yes,No,No,No,Neither Agree nor Disagree,Somewhat Agree,Somewhat Agree,Somewhat Agree,Somewhat Agree,Strongly Agree,Strongly Agree,Somewhat Agree,Strongly Agree,Strongly Agree,Somewhat Agree,Somewhat Agree,Strongly Agree,"Blake Miller, a journalist from the Williamsburg Gazette","Yes, for LSC100, J345, J658, or LSC 675",Human-stimulus
2022-11-18 08:21:40,2022-11-18 08:25:36,IP Address,72.33.2.128,100,236,True,2022-11-18 08:25:37,R_8jNvoIJpDuCpfxL,,,,,43.0812,-89.3845,anonymous,EN,"Yes, I agree",18-24,Man,,No,White,,High school or GED,1-2,Yes,Yes,No,Yes,Somewhat Disagree,Somewhat Disagree,Strongly Disagree,Somewhat Agree,Neither Agree nor Disagree,Strongly Agree,Somewhat Agree,Somewhat Agree,Somewhat Agree,Somewhat Agree,Somewhat Agree,Strongly Agree,Strongly Agree,I do not remember,"Yes, for LSC100, J345, J658, or LSC 675",Human-stimulus
2022-11-18 08:22:40,2022-11-18 08:25:40,IP Address,72.33.2.51,100,179,True,2022-11-18 08:25:41,R_1FFEgyQz7GsbSK9,,,,,43.0812,-89.3845,anonymous,EN,"Yes, I agree",18-24,Man,,No,Asian,,High school or GED,0,No,No,No,No,Neither Agree nor Disagree,Somewhat Agree,Somewhat Agree,Strongly Agree,Strongly Agree,Strongly Agree,Strongly Agree,Strongly Agree,Somewhat Agree,Somewhat Agree,Somewhat Agree,Somewhat Agree,Somewhat Agree,"Blake Miller, a journalist from the Williamsburg Gazette","Yes, for LSC100, J345, J658, or LSC 675",Human-stimulus
2022-11-18 08:20:31,2022-11-18 08:26:10,IP Address,72.33.2.82,100,339,True,2022-11-18 08:26:11,R_1jrXlNxkFp3uRHh,,,,,43.0812,-89.3845,anonymous,EN,"Yes, I agree",18-24,Woman,,No,"Asian,White",,High school or GED,0,No,Yes,No,No,Neither Agree nor Disagree,Strongly Agree,Strongly Agree,Somewhat Agree,Somewhat Agree,Neither Agree nor Disagree,Neither Agree nor Disagree,Somewhat Agree,Strongly Disagree,Somewhat Agree,Somewhat Agree,Strongly Agree,Strongly Agree,"Blake Miller, a journalist from the Williamsburg Gazette","Yes, for LSC100, J345, J658, or LSC 675",Human-stimulus
2022-11-18 09:28:07,2022-11-18 09:29:17,IP Address,72.33.2.151,100,70,True,2022-11-18 09:29:18,R_3Ej3VRjq7GlBLDQ,,,,,43.0812,-89.3845,anonymous,EN,"Yes, I agree",18-24,Woman,,No,Asian,,High school or GED,1-2,Yes,Yes,Yes,Yes,Somewhat Disagree,Strongly Disagree,Somewhat Disagree,Somewhat Disagree,Somewhat Agree,Neither Agree nor Disagree,Neither Agree nor Disagree,Somewhat Disagree,Neither Agree nor Disagree,Somewhat Agree,Strongly Disagree,Neither Agree nor Disagree,Somewhat Agree,"Blake Miller, a journalist from the Williamsburg Gazette","Yes, for LSC100, J345, J658, or LSC 675",Human-stimulus
2022-11-18 09:28:31,2022-11-18 09:31:10,IP Address,72.33.2.251,100,159,True,2022-11-18 09:31:11,R_ByU5Eoa1gpKWdMZ,,,,,43.0812,-89.3845,anonymous,EN,"Yes, I agree",18-24,Woman,,No,White,,High school or GED,1-2,Yes,No,No,No,Somewhat Agree,Somewhat Agree,Neither Agree nor Disagree,Strongly Agree,Strongly Agree,Somewhat Agree,Somewhat Agree,Strongly Agree,Somewhat Agree,Somewhat Agree,Somewhat Agree,Strongly Agree,Somewhat Agree,I do not remember,"Yes, for LSC100, J345, J658, or LSC 675",Human-stimulus
2022-11-18 09:28:46,2022-11-18 09:32:51,IP Address,72.33.2.215,100,244,True,2022-11-18 09:32:51,R_2e8Ty8wnjeMu6nP,,,,,43.0812,-89.3845,anonymous,EN,"Yes, I agree",18-24,Man,,No,White,,High school or GED,0,Yes,Yes,No,Yes,Somewhat Agree,Somewhat Agree,Somewhat Agree,Somewhat Agree,Somewhat Agree,Strongly Agree,Strongly Agree,Somewhat Agree,Somewhat Disagree,Somewhat Agree,Somewhat Agree,Strongly Agree,Strongly Agree,I do not remember,"Yes, for LSC100, J345, J658, or LSC 675",AI-stimulus
2022-11-18 09:29:45,2022-11-18 09:35:20,IP Address,166.181.83.2,100,335,True,2022-11-18 09:35:21,R_aXVsNzIV8D33Ixr,,,,,43.0382,-87.91,anonymous,EN,"Yes, I agree",18-24,Woman,,Yes,"Black or African American,White",,High school or GED,0,Yes,Yes,No,No,Somewhat Agree,Somewhat Agree,Somewhat Agree,Somewhat Agree,Somewhat Agree,Strongly Agree,Strongly Agree,Somewhat Agree,Neither Agree nor Disagree,Somewhat Agree,Neither Agree nor Disagree,Neither Agree nor Disagree,Somewhat Agree,I do not remember,"Yes, for LSC100, J345, J658, or LSC 675",Human-stimulus
2022-11-18 09:34:04,2022-11-18 09:36:33,IP Address,72.33.2.157,100,148,True,2022-11-18 09:36:33,R_1pyQjBkqmldrSRg,,,,,43.0812,-89.3845,anonymous,EN,"Yes, I agree",18-24,Woman,,No,White,,High school or GED,0,Yes,No,No,Yes,Neither Agree nor Disagree,Neither Agree nor Disagree,Somewhat Disagree,Somewhat Agree,Strongly Agree,Strongly Agree,Somewhat Agree,Somewhat Agree,Neither Agree nor Disagree,Somewhat Agree,Neither Agree nor Disagree,Somewhat Agree,Somewhat Agree,I do not remember,"Yes, for LSC100, J345, J658, or LSC 675",Human-stimulus
2022-11-18 09:40:11,2022-11-18 09:51:16,IP Address,184.60.24.189,100,665,True,2022-11-18 09:51:17,R_2Scv5f8QOqIqy33,,,,,43.103,-89.5073,anonymous,EN,"Yes, I agree",55-65,Woman,,No,White,,Bachelors or 4 yr equivalent,3+,Yes,Yes,No,Yes,Somewhat Agree,Strongly Agree,Neither Agree nor Disagree,Somewhat Agree,Strongly Agree,Strongly Agree,Strongly Agree,Somewhat Agree,Neither Agree nor Disagree,Somewhat Disagree,Neither Agree nor Disagree,Neither Agree nor Disagree,Somewhat Agree,"Heliograf, the Williamsburg Gazette's AI journalist","No, LSC 560 and all other participants",AI-stimulus
2022-11-10 21:48:45,2022-11-11 10:14:38,IP Address,107.208.177.205,53,44752,False,2022-11-18 10:15:42,R_3Oq7yPeWL8vrH7m,,,,,,,anonymous,EN,"Yes, I agree",18-24,Man,,No,White,,Bachelors or 4 yr equivalent,1-2,Yes,Yes,No,Yes,,,,,,,,,,,,,,,,Human-stimulus
2022-11-18 10:36:29,2022-11-18 10:38:33,IP Address,72.33.2.127,100,124,True,2022-11-18 10:38:34,R_bPGPKbAqKmgAKhb,,,,,43.0812,-89.3845,anonymous,EN,"Yes, I agree",18-24,Man,,No,White,,High school or GED,0,Yes,Yes,Not Sure,Yes,Strongly Agree,Strongly Agree,Somewhat Agree,Strongly Agree,Strongly Agree,Strongly Agree,Strongly Agree,Strongly Agree,Strongly Disagree,Strongly Agree,Strongly Agree,Strongly Agree,Strongly Agree,"Blake Miller, a journalist from the Williamsburg Gazette","Yes, for LSC100, J345, J658, or LSC 675",Human-stimulus
2022-11-18 10:35:53,2022-11-18 10:38:41,IP Address,72.33.2.110,100,168,True,2022-11-18 10:38:42,R_2i8ccIWSDEGyEzn,,,,,43.0812,-89.3845,anonymous,EN,"Yes, I agree",18-24,Woman,,No,White,,High school or GED,0,Yes,Not Sure,Not Sure,Yes,Somewhat Agree,Somewhat Agree,Somewhat Disagree,Somewhat Agree,Somewhat Agree,Strongly Agree,Strongly Agree,Neither Agree nor Disagree,Neither Agree nor Disagree,Neither Agree nor Disagree,Neither Agree nor Disagree,Neither Agree nor Disagree,Somewhat Agree,I do not remember,"Yes, for LSC100, J345, J658, or LSC 675",AI-stimulus
2022-11-18 10:35:26,2022-11-18 10:38:55,IP Address,72.33.2.133,100,209,True,2022-11-18 10:38:56,R_AtybhRv00EAiJS9,,,,,43.0812,-89.3845,anonymous,EN,"Yes, I agree",18-24,Woman,,No,White,,High school or GED,1-2,Yes,Yes,No,No,Somewhat Disagree,Somewhat Disagree,Somewhat Disagree,Somewhat Agree,Somewhat Agree,Strongly Agree,Somewhat Agree,Somewhat Agree,Somewhat Disagree,Somewhat Agree,Somewhat Agree,Neither Agree nor Disagree,Somewhat Agree,"Heliograf, the Williamsburg Gazette's AI journalist","Yes, for LSC100, J345, J658, or LSC 675",AI-stimulus
2022-11-18 10:37:47,2022-11-18 10:40:33,IP Address,72.33.2.154,100,166,True,2022-11-18 10:40:34,R_3I3HtdqpUlVKzTA,,,,,43.0812,-89.3845,anonymous,EN,"Yes, I agree",18-24,Woman,,No,White,,High school or GED,1-2,Yes,Yes,No,No,Strongly Agree,Strongly Agree,Somewhat Agree,Strongly Agree,Somewhat Agree,Strongly Agree,Strongly Agree,Strongly Agree,Strongly Disagree,Strongly Agree,Strongly Agree,Strongly Agree,Strongly Agree,"Blake Miller, a journalist from the Williamsburg Gazette","Yes, for LSC100, J345, J658, or LSC 675",Human-stimulus
2022-11-18 10:41:42,2022-11-18 10:50:21,IP Address,184.60.24.189,100,518,True,2022-11-18 10:50:21,R_3JemQrUTlynOb8X,,,,,43.103,-89.5073,anonymous,EN,"Yes, I agree",55-65,Man,,No,"American Indian or Alaska Native; ,White",,Masters,3+,No,Yes,No,Yes,Somewhat Agree,Neither Agree nor Disagree,Neither Agree nor Disagree,Somewhat Agree,Somewhat Disagree,Somewhat Agree,Somewhat Agree,Somewhat Agree,Neither Agree nor Disagree,Somewhat Agree,Somewhat Disagree,Neither Agree nor Disagree,Neither Agree nor Disagree,"Blake Miller, a journalist from the Williamsburg Gazette","No, LSC 560 and all other participants",Human-stimulus
2022-11-18 11:24:16,2022-11-18 11:27:21,IP Address,107.122.157.4,100,185,True,2022-11-18 11:27:22,R_26a9rdnNB0ExFLu,,,,,40.7653,-73.9589,anonymous,EN,"Yes, I agree",35-44,Woman,,No,Asian,,Bachelors or 4 yr equivalent,3+,Yes,Yes,No,Yes,Neither Agree nor Disagree,Neither Agree nor Disagree,Somewhat Agree,Somewhat Agree,Somewhat Agree,Strongly Agree,Strongly Agree,Neither Agree nor Disagree,Neither Agree nor Disagree,Somewhat Agree,Somewhat Agree,Somewhat Agree,Neither Agree nor Disagree,I do not remember,"No, LSC 560 and all other participants",AI-stimulus
2022-11-18 12:09:07,2022-11-18 12:12:36,IP Address,72.33.2.162,100,209,True,2022-11-18 12:12:37,R_1pJZsCGMlGMmhmy,,,,,43.0812,-89.3845,anonymous,EN,"Yes, I agree",18-24,Man,,No,White,,High school or GED,1-2,No,Yes,Yes,Yes,Somewhat Agree,Somewhat Agree,Somewhat Agree,Strongly Agree,Somewhat Disagree,Strongly Agree,Somewhat Agree,Strongly Agree,Strongly Disagree,Somewhat Disagree,Somewhat Agree,Somewhat Agree,Somewhat Agree,"Blake Miller, a journalist from the Williamsburg Gazette","Yes, for LSC100, J345, J658, or LSC 675",Human-stimulus
2022-11-18 12:37:47,2022-11-18 12:42:34,IP Address,72.33.2.230,100,286,True,2022-11-18 12:42:34,R_27fLJ829iZjpEmR,,,,,43.0812,-89.3845,anonymous,EN,"Yes, I agree",18-24,Woman,,No,White,,High school or GED,1-2,Yes,Yes,No,Yes,Strongly Agree,Strongly Agree,Strongly Agree,Strongly Agree,Strongly Agree,Strongly Agree,Strongly Agree,Strongly Agree,Strongly Disagree,Strongly Disagree,Strongly Agree,Strongly Agree,Strongly Agree,"Blake Miller, a journalist from the Williamsburg Gazette","Yes, for LSC100, J345, J658, or LSC 675",AI-stimulus
2022-11-18 13:17:50,2022-11-18 13:27:22,IP Address,99.126.180.31,100,571,True,2022-11-18 13:27:22,R_2rYM7hsQD2OGsBP,,,,,43.0812,-89.3845,anonymous,EN,"Yes, I agree",18-24,Man,,No,Asian,,High school or GED,1-2,Yes,Yes,No,No,Neither Agree nor Disagree,Somewhat Disagree,Neither Agree nor Disagree,Somewhat Agree,Neither Agree nor Disagree,Strongly Agree,Somewhat Agree,Neither Agree nor Disagree,Neither Agree nor Disagree,Neither Agree nor Disagree,Neither Agree nor Disagree,Neither Agree nor Disagree,Somewhat Disagree,"Heliograf, the Williamsburg Gazette's AI journalist","Yes, for LSC100, J345, J658, or LSC 675",AI-stimulus
2022-11-18 13:51:24,2022-11-18 13:58:20,IP Address,72.33.2.111,100,415,True,2022-11-18 13:58:20,R_OC3MuzwoArOfB6N,,,,,43.0812,-89.3845,anonymous,EN,"Yes, I agree",18-24,Man,,No,Asian,,High school or GED,0,Yes,Yes,Not Sure,Yes,Somewhat Agree,Neither Agree nor Disagree,Neither Agree nor Disagree,Somewhat Agree,Somewhat Agree,Somewhat Agree,Somewhat Agree,Somewhat Agree,Somewhat Disagree,Somewhat Disagree,Neither Agree nor Disagree,Somewhat Disagree,Neither Agree nor Disagree,"Blake Miller, a journalist from the Williamsburg Gazette","Yes, for LSC100, J345, J658, or LSC 675",Human-stimulus
2022-11-18 14:08:01,2022-11-18 14:11:05,IP Address,72.33.2.33,100,183,True,2022-11-18 14:11:05,R_3Mg8Dl9nZN3MYLd,,,,,43.0812,-89.3845,anonymous,EN,"Yes, I agree",18-24,Man,,No,White,,High school or GED,0,Yes,Yes,No,No,Strongly Agree,Strongly Agree,Somewhat Agree,Strongly Agree,Somewhat Agree,Strongly Agree,Strongly Agree,Neither Agree nor Disagree,Neither Agree nor Disagree,Somewhat Agree,Somewhat Agree,Somewhat Agree,Strongly Agree,I do not remember,"Yes, for LSC100, J345, J658, or LSC 675",Human-stimulus
2022-11-18 14:55:40,2022-11-18 14:57:45,IP Address,107.127.39.6,100,125,True,2022-11-18 14:57:46,R_2QM7rwSvYKe582v,,,,,37.751,-97.822,anonymous,EN,"Yes, I agree",18-24,Non-binary / third gender,,No,Asian,,High school or GED,1-2,Yes,No,No,No,Somewhat Agree,Somewhat Disagree,Somewhat Disagree,Somewhat Agree,Somewhat Agree,Strongly Agree,Somewhat Disagree,Neither Agree nor Disagree,Neither Agree nor Disagree,Neither Agree nor Disagree,Neither Agree nor Disagree,Somewhat Agree,Somewhat Agree,"Blake Miller, a journalist from the Williamsburg Gazette","Yes, for LSC100, J345, J658, or LSC 675",AI-stimulus
2022-11-18 14:57:35,2022-11-18 15:02:49,IP Address,71.90.102.64,100,313,True,2022-11-18 15:02:49,R_1OC9ZspqD3Cmx5n,,,,,43.0334,-89.4512,anonymous,EN,"Yes, I agree",25-34,Woman,,No,Asian,,Masters,1-2,Yes,Yes,Not Sure,Yes,Somewhat Agree,Neither Agree nor Disagree,Neither Agree nor Disagree,Somewhat Agree,Neither Agree nor Disagree,Strongly Agree,Strongly Agree,Somewhat Agree,Neither Agree nor Disagree,Somewhat Disagree,Neither Agree nor Disagree,Neither Agree nor Disagree,Neither Agree nor Disagree,I do not remember,"Yes, for LSC100, J345, J658, or LSC 675",Human-stimulus
2022-11-18 15:51:25,2022-11-18 15:54:39,IP Address,72.33.2.205,100,194,True,2022-11-18 15:54:39,R_ThAVhCjJg2iH51D,,,,,43.0812,-89.3845,anonymous,EN,"Yes, I agree",18-24,Man,,No,Other:,N/A,High school or GED,1-2,Yes,No,No,Yes,Somewhat Agree,Somewhat Agree,Somewhat Agree,Somewhat Agree,Strongly Disagree,Strongly Agree,Strongly Agree,Somewhat Agree,Neither Agree nor Disagree,Neither Agree nor Disagree,Somewhat Agree,Somewhat Agree,Somewhat Agree,"Blake Miller, a journalist from the Williamsburg Gazette","Yes, for LSC100, J345, J658, or LSC 675",Human-stimulus
2022-11-18 18:04:13,2022-11-18 18:13:01,IP Address,71.89.78.189,100,528,True,2022-11-18 18:13:01,R_2Xp3mrYEod4Z3oj,,,,,43.0334,-89.4512,anonymous,EN,"Yes, I agree",25-34,Woman,,No,Asian,,Bachelors or 4 yr equivalent,1-2,Yes,Yes,No,No,Strongly Agree,Somewhat Agree,Strongly Agree,Somewhat Agree,Strongly Disagree,Strongly Agree,Somewhat Agree,Somewhat Agree,Somewhat Agree,Somewhat Disagree,Neither Agree nor Disagree,Strongly Agree,Somewhat Agree,"Blake Miller, a journalist from the Williamsburg Gazette","No, LSC 560 and all other participants",Human-stimulus
2022-11-18 22:16:56,2022-11-18 23:18:43,IP Address,71.90.18.219,100,3707,True,2022-11-18 23:18:43,R_6RrZIHKbe7gFlm1,,,,,42.7355,-89.0405,anonymous,EN,"Yes, I agree",18-24,Woman,,No,White,,High school or GED,1-2,Yes,Not Sure,No,Yes,Somewhat Agree,Somewhat Agree,Neither Agree nor Disagree,Strongly Agree,Neither Agree nor Disagree,Strongly Agree,Somewhat Agree,Neither Agree nor Disagree,Somewhat Agree,Neither Agree nor Disagree,Somewhat Agree,Somewhat Agree,Somewhat Agree,I do not remember,"Yes, for LSC100, J345, J658, or LSC 675",AI-stimulus
